1979,Smashing Pumpkins,126.879,0.788,-9.896,0.765,0.964,0.0166,30,20,16.66666667,33.33333333,3
1-800-273-8255,Logic,100.021,0.574,-7.788,0.62,0.352,0.57,20,36.14285714,32.5,11.35714286,1
24K Magic,Bruno Mars,106.97,0.803,-4.282,0.818,0.632,0.034,20,46.66666667,13.33333333,20,1
7 rings,Ariana Grande,70.142,0.321,-10.744,0.725,0.319,0.578,10,46.85714286,10,33.14285714,1
A Million Dreams,Ziv Zaifman,54.747,0.312,-11.689,0.265,0.0998,0.243,15,0,36.66666667,48.33333333,3
A Thousand Years,Christina Perri,139.028,0.407,-7.445,0.421,0.161,0.309,10,10,68,12,2
Acamar,Frankey,119.992,0.739,-9.089,0.777,0.202,0.00212,16.66666667,10,34.16666667,39.16666667,3
Accelerate,Jungle,101.029,0.781,-7.433,0.653,0.5,0.106,15,11.66666667,32.5,40.83333333,3
Accidentally In Love,Counting Crows,138.017,0.926,-3.613,0.555,0.771,0.0484,30,56.66666667,3.333333333,10,1
Affection,Crystal Castles,124.654,0.835,-7.165,0.658,0.532,0.0602,10,21.66666667,32.5,35.83333333,3
Ahora Dice,Chris Jeday,144.045,0.69,-5.451,0.704,0.402,0.249,25,36.66666667,33.33333333,5,1
"""Aint No Love In The Heart Of The City - Single Version""","Bobby ""Blue"" Bland",79.638,0.656,-8.699,0.559,0.679,0.257,30.33333333,10,24.16666667,35.5,3
All Day,Kanye West,122.967,0.638,-4.968,0.855,0.412,0.0648,25,29.16666667,45.83333333,0,2
All Day And All Of The Night,The Kinks,136.921,0.86,-7.839,0.551,0.723,0.262,20.33333333,11.66666667,39.16666667,28.83333333,2
All I Need,Tim Halperin,115.978,0.473,-8.9,0.611,0.133,0.589,20,28.64285714,32.5,18.85714286,2
All Night,The Vamps,144.997,0.803,-5.194,0.54,0.501,0.00403,20,36.66666667,13.33333333,30,1
All of Me,John Legend,119.93,0.264,-7.064,0.422,0.331,0.922,20,17.14285714,33.33333333,29.52380952,2
All of the Stars,Ed Sheeran,150.066,0.562,-6.106,0.436,0.24,0.0102,0,30,30,40,3
"""All These Things That Ive Done""",The Killers,118.276,0.71,-6.925,0.552,0.206,0.00164,20,21.66666667,22.5,35.83333333,3
Alone,Alan Walker,97.021,0.914,-3.962,0.673,0.183,0.229,25,36.66666667,33.33333333,5,1
Alright,Kendrick Lamar,110.034,0.766,-5.974,0.796,0.558,0.0742,16.66666667,26.66666667,33.33333333,23.33333333,2
Always Be My Baby,Tim Halperin,139.906,0.255,-10.247,0.574,0.282,0.778,40,34.14285714,5,20.85714286,0
Always Remember Us This Way,Lady Gaga,129.976,0.502,-5.972,0.553,0.296,0.299,10,10,60,20,2
Amazing,Westlife,97.025,0.705,-4.407,0.617,0.669,0.109,25,56.66666667,3.333333333,15,1
Amsterdam,Coldplay,73.076,0.176,-10.463,0.262,0.105,0.836,10,25,45,20,2
Annie,Neon Indian,95.98,0.848,-6.246,0.739,0.875,0.0227,10,41.66666667,35,13.33333333,1
Anything New,Bibio,88.237,0.642,-4.276,0.651,0.696,0.0101,20,66.66666667,3.333333333,10,1
Aquafina (feat. GoldLink & Chaz French),Falcons,100.066,0.613,-4.586,0.775,0.797,0.109,20,46.66666667,13.33333333,20,1
Attention,Charlie Puth,176.057,0.878,-5.767,0.552,0.598,0.0585,10,46.66666667,13.33333333,30,1
Awake,Tycho,127.076,0.665,-5.313,0.927,0.175,0.061,15,69.16666667,15.83333333,0,1
Baby,"""Ariel Pinks Haunted Graffiti""",138.024,0.588,-5.35,0.852,0.568,0.0247,27.5,29.16666667,28.33333333,15,1
Bad and Boujee (feat. Lil Uzi Vert),Migos,177.913,0.637,-6.993,0.383,0.0827,0.0722,20,6.666666667,30.83333333,42.5,3
bad idea,Ariana Grande,137.853,0.691,-4.757,0.697,0.305,0.214,15,46.66666667,33.33333333,5,1
Bad Liar,Imagine Dragons,165.998,0.605,-6.07,0.722,0.709,0.825,45,26.66666667,15,13.33333333,0
Bad Things,Machine Gun Kelly,125.008,0.852,-6.08,0.731,0.611,0.00041,10,36.66666667,40,13.33333333,2
Bam Bam,Sister Nancy,126.536,0.776,-5.293,0.583,0.782,0.827,33.33333333,56.66666667,0,10,1
Bang That,Disclosure,75.016,0.346,-8.228,0.884,0.376,0.0151,42,16,35,7,0
Bang! Bang!,Joe Cuba,140.04,0.58,-9.643,0.736,0.137,0.263,48.33333333,20,24.16666667,7.5,0
Bank Account,21 Savage,126.684,0.586,-6.319,0.553,0.443,0.697,40.83333333,13.16666667,10,36,0
Be A Body,Grimes,129.657,0.769,-7.032,0.511,0.818,0.181,15,11.66666667,45.83333333,27.5,2
Be Alright,Dean Lewis,179.945,0.838,-4.491,0.4,0.533,0.174,25,46.66666667,13.33333333,15,1
Be My Baby,The Ronettes,124.949,0.78,-4.374,0.776,0.666,0.0622,20,46.66666667,13.33333333,20,1
Beach House,The Chainsmokers,127.029,0.598,-5.534,0.959,0.408,0.0358,15.83333333,70.83333333,3.333333333,10,1
Believer,Imagine Dragons,97.565,0.585,-10.332,0.442,0.116,0.0984,25,10,12,53,3
Best Friend,Young Thug,143.888,0.836,-3.663,0.514,0.501,0.112,25,46.66666667,3.333333333,25,1
Better,Khalid,145.028,0.563,-5.843,0.68,0.374,0.354,25,36.66666667,33.33333333,5,1
Better Man,Little Big Town,78.65,0.234,-8.861,0.387,0.408,0.736,30,22.14285714,25,22.85714286,0
Better Now,Post Malone,75.014,0.604,-5.279,0.693,0.651,0.0668,10,56.66666667,23.33333333,10,1
Better Than Today,Rhys Lewis,131.984,0.675,-6.224,0.776,0.271,0.00196,16.66666667,16.66666667,40,26.66666667,2
Big Plans,"""Why Dont We""",100.878,0.385,-11.125,0.518,0.262,0.64,23.33333333,31.85714286,18.33333333,26.47619048,1
Big Rings,Drake,93.58,0.93,-4.154,0.464,0.334,3.97E-06,30,46.66666667,3.333333333,20,1
Billie Holiday,Warpaint,172.035,0.577,-6.446,0.749,0.459,0.0984,22.5,25,35,17.5,2
Binge,Papa Roach,92.215,0.799,-3.641,0.542,0.421,0.00471,20,66.66666667,3.333333333,10,1
Black Mags,The Cool Kids,99.991,0.724,-7.53,0.85,0.552,0.000226,20,26.66666667,27.5,25.83333333,2
Black Out Days,Phantogram,171.893,0.681,-4.104,0.415,0.364,0.385,35,56.66666667,3.333333333,5,1
Bless My Soul,Nightmares On Wax,146.003,0.431,-7.893,0.704,0.346,0.185,0,18.33333333,45,36.66666667,2
Blood On The Leaves,Kanye West,98.963,0.469,-7.226,0.731,0.631,0.463,22.5,10,35,32.5,2
Blood On the Money,Future,81.477,0.567,-5.698,0.77,0.26,0.105,30,26.66666667,23.33333333,20,0
Body Like A Back Road,Sam Hunt,140.061,0.611,-6.702,0.713,0.793,0.314,35,11.66666667,35.83333333,17.5,2
Bounce Back,Big Sean,110.922,0.319,-6.206,0.572,0.359,0.963,73.33333333,26.66666667,0,0,0
Bouncin,Chief Keef,89.919,0.912,-6.81,0.592,0.647,0.00146,10,21.66666667,32.5,35.83333333,3
Bruises,Lewis Capaldi,120.046,0.389,-14.505,0.905,0.196,0.74,16.66666667,40,20,23.33333333,1
Burn,Nine Inch Nails,81.108,0.786,-3.626,0.294,0.118,0.000392,20,46.66666667,13.33333333,20,1
bury a friend,Billie Eilish,130.017,0.91,-4.206,0.589,0.394,0.00366,30,56.66666667,3.333333333,10,1
California Nights,Best Coast,105.018,0.918,-5.295,0.457,0.286,0.000313,30,26.66666667,13.33333333,30,0
Candy Cane Lane,Sia,120.986,0.895,-8.102,0.77,0.68,0.000195,20,11.66666667,32.5,35.83333333,3
Candyman,Cornershop,135.007,0.834,-4.868,0.461,0.471,0.0232,20,46.66666667,3.333333333,30,1
Capitol,TR/ST,128.042,0.434,-13.479,0.615,0.618,0.445,22.5,35,35,7.5,1
Careless,Dusky,189.89,0.8,-5.404,0.446,0.474,0.0814,20,36.66666667,13.33333333,30,1
Castle on the Hill,Ed Sheeran,109.835,0.755,-6.255,0.551,0.296,0.0178,20,21.66666667,22.5,35.83333333,3
Cemalim,Erkin Koray,117.089,0.787,-2.88,0.399,0.572,0.0197,20,46.66666667,13.33333333,20,1
Chained To The Rhythm,Katy Perry,126.996,0.672,-7.508,0.844,0.228,0.000815,20,26.66666667,27.5,25.83333333,2
Chances,Backstreet Boys,102.034,0.773,-2.921,0.852,0.907,0.187,12.5,41.66666667,35.83333333,10,1
Chandelier,Sia,100.04,0.837,-6.615,0.646,0.326,0.018,10,21.66666667,32.5,35.83333333,3
Changes,Chris Lake ,128.044,0.645,-6.24,0.443,0.139,0.0127,20,26.66666667,13.33333333,40,3
Chantaje,Shakira,110.953,0.581,-5.164,0.667,0.368,0.0428,20,56.66666667,13.33333333,10,1
Char,Crystal Castles,80.03,0.472,-11.204,0.739,0.289,0.0145,13.33333333,26.66666667,20,40,3
Chasing Heaven,Bassnectar,90.009,0.674,-7.388,0.609,0.315,0.0735,10,21.66666667,32.5,35.83333333,3
Check,Young Thug,95.01,0.524,-5.599,0.748,0.661,0.414,0,40,50,10,2
Childs Play,Drake,120.011,0.706,-6.212,0.786,0.313,0.251,16.66666667,16.66666667,40,26.66666667,2
Chlorine,Twenty One Pilots,99.836,0.717,-6.346,0.693,0.412,0.14,15,21.66666667,32.5,30.83333333,2
Closer,The Chainsmokers,109.986,0.624,-5.731,0.676,0.726,0.133,15,46.66666667,13.33333333,25,1
Cocaine Model,ZHU,92.943,0.798,-5.092,0.608,0.501,0.0736,20,46.66666667,13.33333333,20,1
Cold,Maroon 5,116.892,0.0849,-14.838,0.425,0.157,0.935,10,22.14285714,35,32.85714286,2
Cold In LA,"""Why Dont We""",123.973,0.836,-7.682,0.466,0.0517,7.70E-05,20,16.66666667,10.83333333,52.5,3
Cold Water,Major Lazer,93.967,0.188,-11.957,0.794,0.64,0.601,40,44,0,16,1
Colors And The Kids,Cat Power,112.137,0.465,-6.595,0.427,0.458,0.461,20,10,68,2,2
Come Save Me,Jagwar Ma,123.918,0.79,-7.938,0.558,0.427,0.0357,13.33333333,21.66666667,29.16666667,35.83333333,3
comethru,Jeremy Zucker,123.146,0.804,-4.183,0.63,0.492,0.215,25,56.66666667,13.33333333,5,1
Coming Home,Leon Bridges,79.925,0.538,-5.828,0.618,0.308,0.0249,0,40,31.66666667,28.33333333,1
Confess To Me,Disclosure,113.133,0.963,-5.586,0.486,0.533,0.248,25,16.66666667,33.33333333,25,2
Congratulations,Post Malone,100.036,0.612,-7.841,0.555,0.316,0.00525,13.33333333,21.66666667,22.5,42.5,3
Counting,Autre Ne Veut,209.686,0.449,-9.271,0.462,0.773,0.674,15,27.14285714,45,12.85714286,2
Crosstown Traffic,Jimi Hendrix,108.99,0.758,-7.859,0.644,0.758,0.000259,10,21.66666667,32.5,35.83333333,3
Cry Like A Ghost,Passion Pit,95.045,0.404,-10.178,0.75,0.0499,0.216,15,40,30,15,1
Danger and Dread,Brown Bird,168.039,0.635,-8.412,0.772,0.6,0.937,34,19,6,41,3
Dark Matter,Feathers,99.994,0.603,-7.792,0.836,0.388,0.00208,10,16.66666667,20.83333333,52.5,3
Delicate,Taylor Swift,139.913,0.523,-6.664,0.638,0.422,0.00454,0,25,55,20,2
Demon,Shamir,98.994,0.881,-2.853,0.674,0.234,0.296,25,36.66666667,33.33333333,5,1
Digital Animal,Honey Claws,159.803,0.869,-5.094,0.532,0.422,0.157,25,26.66666667,33.33333333,15,2
DNA.,Kendrick Lamar,119.999,0.927,-6.268,0.89,0.64,0.0339,20.5,36.66666667,35,7.833333333,1
"""Dont Call Me Up""",Mabel,99.977,0.642,-5.206,0.558,0.482,7.19E-05,20,46.66666667,13.33333333,20,1
"""Dont Let Me Down""",The Chainsmokers,100.047,0.61,-6.124,0.783,0.418,0.343,30,16.66666667,33.33333333,20,2
"""Dont Miss""",The Alexanders,120.894,0.614,-7.176,0.772,0.96,0.0429,30,11.66666667,35.83333333,22.5,2
"""Dont Move""",Phantogram,148.04,0.442,-8.873,0.754,0.608,0.0174,0,30,25,45,3
"""Dont Wanna Know""",Maroon 5,144.084,0.912,-1.157,0.767,0.498,0.0411,30,36.66666667,13.33333333,20,1
"""Dont You Evah""",Spoon,99.815,0.471,-15.469,0.448,0.471,0.00134,3.333333333,24.16666667,32.5,40,3
Dopeman,Vince Staples,180.043,0.437,-6.593,0.258,0.0967,0.101,17.5,0,38,44.5,3
Double Bubble Trouble,M.I.A.,179.91,0.691,-5.535,0.683,0.732,0.243,15,46.66666667,23.33333333,15,1
Dry,PJ Harvey,78.84,0.951,-4.345,0.204,0.44,0.00248,30,36.66666667,13.33333333,20,1
Dusk Till Dawn,ZAYN,133.659,0.0895,-21.668,0.398,0.0942,0.951,10,22.14285714,35,32.85714286,2
El Amante,Nicky Jam,122.032,0.862,-7.016,0.763,0.875,0.232,20,21.66666667,42.5,15.83333333,2
Electioneering,Radiohead,102.652,0.495,-10.584,0.879,0.802,0.538,25.83333333,36.66666667,22.5,15,1
Elizabeth on the Bathroom Floor,Eels,107.826,0.548,-7.393,0.727,0.929,0.0628,27.5,35,17.5,20,1
Endless Rhythm,Baio,99.407,0.745,-8.109,0.589,0.765,0.17,15,21.66666667,42.5,20.83333333,2
Estrelar,Marcos Valle,140.058,0.7,-6.641,0.793,0.892,0.273,16.66666667,11.66666667,42.5,29.16666667,2
Everthing I Need,Skylar Grey,179.642,0.627,-5.085,0.468,0.159,0.0281,20,36.66666667,13.33333333,30,1
"""Every 1s A Winner""",Hot Chocolate,92.995,0.945,-6.64,0.54,0.878,0.000145,20,21.66666667,15.83333333,42.5,3
Everybody Likes Something Good,Ify Jerry Crusade,133.987,0.488,-9.433,0.927,0.605,0.108,12.5,40,27.5,20,1
Evil Friends (feat. Danny Brown),Portugal. The Man,127.158,0.778,-4.225,0.454,0.704,0.00998,20,56.66666667,3.333333333,20,1
Faded,Alan Walker,188.046,0.856,-3.216,0.348,0.269,0.0416,20,46.66666667,13.33333333,20,1
Fail to Cry,Yacht Club,137.042,0.209,-11.869,0.34,0.151,0.679,10,22.14285714,55,12.85714286,2
Fake Love,Drake,114.28,0.756,-10.714,0.7,0.944,0.00182,20,20,21.66666667,38.33333333,3
Fake Tales Of San Francisco,Arctic Monkeys,101.018,0.745,-3.105,0.893,0.872,0.0642,13,42.91666667,42.08333333,2,1
Fall In Love,Phantogram,94.027,0.756,-5.861,0.766,0.716,0.213,6.666666667,46.66666667,23.33333333,23.33333333,1
Falling Slowly,Glen Hansard,107.032,0.726,-7.921,0.666,0.462,0.485,22.5,13.80952381,27.5,36.19047619,3
Fantastic Man,William Onyeabor,76.064,0.35,-14.48,0.611,0.36,0.499,38,35.47619048,10.33333333,16.19047619,0
Feels,Calvin Harris,106.077,0.802,-6.159,0.749,0.826,0.0332,10,36.66666667,40,13.33333333,2
Felices los 4,Maluma,107.885,0.563,-5.155,0.645,0.555,0.0285,0,46.66666667,23.33333333,30,1
Fire,Sara Bareilles,115.004,0.708,-7.217,0.753,0.434,0.0496,16.66666667,21.66666667,42.5,19.16666667,2
Fire And Rain,James Taylor,141.262,0.825,-9.343,0.652,0.695,0.0164,10,30,24.16666667,35.83333333,3
Flashlight,Parliament,104.977,0.733,-5.337,0.743,0.622,0.00402,10,56.66666667,23.33333333,10,1
FOOLISH,Meghan Trainor,108.027,0.518,-10.383,0.516,0.0834,0.00483,6.666666667,16.66666667,41.66666667,35,2
Forever,Majid Jordan,99.943,0.876,-3.374,0.624,0.781,0.0735,20,66.66666667,3.333333333,10,1
Free Stress Test,Professor Murder,120.03,0.57,-6.645,0.62,0.429,0.00525,7.5,25,35,32.5,2
Friends,Justin Bieber,138.022,0.925,-1.71,0.224,0.378,0.000596,30,36.66666667,13.33333333,20,1
From Now On,Hugh Jackman,124.071,0.871,-4.069,0.769,0.672,0.0873,20,46.66666667,13.33333333,20,1
Galway Girl,Ed Sheeran,100.215,0.722,-7.33,0.747,0.545,0.0957,15,21.66666667,42.5,20.83333333,2
Get Away,CHVRCHES,139.994,0.794,-5.126,0.731,0.356,0.0323,10,56.66666667,23.33333333,10,1
Get Back,Neva Dinova ,140.012,0.796,-6.179,0.621,0.279,0.0107,10,26.66666667,30,33.33333333,3
Girlfriend,Ty Segall,145.031,0.658,-5.934,0.602,0.268,0.0233,10,46.66666667,13.33333333,30,1
Give in To Me,Lika Morgan,182.126,0.878,-0.307,0.698,0.821,0.613,25.83333333,46.66666667,25,2.5,1
Glad I Met You,D. Gookin,162.046,0.776,-6.299,0.769,0.464,0.00109,20,11.66666667,42.5,25.83333333,2
Glorious,Macklemore,110.65,0.606,-7.258,0.677,0.922,0.00798,20,31.66666667,25.83333333,22.5,1
Go,Grimes,96.969,0.411,-5.979,0.638,0.158,0.55,31.33333333,26.66666667,42,0,2
God is a woman,Ariana Grande,128.024,0.901,-5.398,0.774,0.77,0.0414,30,26.66666667,23.33333333,20,0
GodLovesUgly,Atmosphere,130.049,0.728,-3.37,0.841,0.43,0.0847,12.5,41.66666667,35.83333333,10,1
Gold and a Pager,The Cool Kids,135.95,0.744,-3.484,0.901,0.593,0.105,5,61.66666667,33.33333333,0,1
Good Mistake,Mr Little Jeans,104.988,0.523,-4.333,0.765,0.394,0.184,10,50,15,25,1
Good Years,ZAYN,130.195,0.948,-5.626,0.506,0.934,0.727,63.33333333,26.66666667,0,10,0
Goody Two Shoes,Duck Sauce,149.902,0.68,-6.438,0.736,0.585,0.00403,10,31.66666667,42.5,15.83333333,2
goosebumps,Travis Scott,129.921,0.694,-5.351,0.578,0.268,0.0112,20,46.66666667,13.33333333,20,1
Hannah Montana,Migos,86.013,0.544,-8.36,0.606,0.456,0.0481,7.5,20,35.83333333,36.66666667,3
Havana,Camila Cabello,121.999,0.463,-7.603,0.778,0.496,0.546,20,4,35,41,3
Have Love Will Travel,The Sonics,109.455,0.618,-11.31,0.617,0.448,0.0176,20,20,18.33333333,41.66666667,3
Hazelton Trump,OB OBrien,121.96,0.717,-4.548,0.679,0.255,0.0971,15,56.66666667,13.33333333,15,1
Head Above Water,Avril Lavigne,121.96,0.717,-4.548,0.679,0.255,0.0971,15,56.66666667,13.33333333,15,1
Heal Me,Lady Gaga,110.325,0.806,-9.542,0.586,0.202,0.0246,10,40,14.16666667,35.83333333,1
Hear Me Now,Alok,146.923,0.559,-5.876,0.742,0.431,0.0324,0,56.66666667,33.33333333,10,1
Heaven And Hell Is On Earth,20th Century Steel Band,105.988,0.644,-6.182,0.735,0.862,0.0215,20,36.66666667,33.33333333,10,1
Hello My Love,Westlife,119.987,0.378,-9.37,0.501,0.178,0.735,23.33333333,26.14285714,18.33333333,32.19047619,3
Hello My Love,Westlife,123.039,0.988,-4.398,0.702,0.617,0.38,27.5,16.66666667,48.33333333,7.5,2
Her Fantasy,Matthew Dear,172.741,0.618,-11.831,0.613,0.94,0.568,50,31.14285714,0,18.85714286,0
Hercules,Young Thug,129.014,0.742,-5.103,0.716,0.879,0.0338,20,56.66666667,13.33333333,10,1
Hercules Theme,Hercules & Love Affair,121.941,0.527,-6.374,0.614,0.354,0.597,23.33333333,40.66666667,30,6,1
Hero,Mariah Carey,131.337,0.54,-7.121,0.496,0.164,0.0172,0,18.33333333,51.66666667,30,2
"""Hes So Fine - 2000 Digital Remaster""",The Chiffons,154.008,0.824,-8.569,0.683,0.918,0.0249,10,26.66666667,27.5,35.83333333,3
High School Lover,Cayucas,121.941,0.373,-8.772,0.55,0.33,0.391,30,15,45,10,2
Hit the Road Jack,Ray Charles,134.969,0.621,-8.132,0.903,0.553,0.00302,12.5,36.66666667,38.33333333,12.5,2
Ho Ho Ho,Sia,130.014,0.747,-4.249,0.733,0.764,0.000502,10,66.66666667,13.33333333,10,1
Hold My Girl,George Ezra,96.064,0.578,-6.205,0.71,0.348,0.371,25,26.66666667,43.33333333,5,2
"""Hold On Were Going Home""",ASTR,125.916,0.443,-7.245,0.574,0.163,0.615,45,26.14285714,20,8.857142857,0
Hot Blur,How Sad,179.484,0.563,-9.671,0.315,0.147,0.173,31,0,32,37,3
Hot Dreams,Timber Timbre,126.078,0.304,-9.19,0.512,0.172,0.295,10,0,40,50,3
Hotline Bling,Drake,106.059,0.831,-4.664,0.857,0.259,0.00158,25,39.16666667,35.83333333,0,1
House of Jealous Lovers,The Rapture,62.671,0.535,-6.556,0.421,0.221,0.348,30,10,60,0,2
How Did I Get Here,ODESZA,147.026,0.497,-5.309,0.74,0.067,0.00555,0,50,25,25,1
How Do I Live,Trisha Yearwood,92.99,0.819,-5.946,0.773,0.585,0.426,10,36.66666667,33.33333333,20,1
"""How Far Ill Go""",Alessia Cara,159.821,0.528,-8.033,0.556,0.163,0.615,27.5,18.64285714,35,18.85714286,2
How Long Will I Love You,Ellie Goulding,169.989,0.727,-5.45,0.47,0.244,0.00135,20,36.66666667,13.33333333,30,1
"""I Aint Trippin off Nothin""",Ezale,89.455,0.597,-9.919,0.458,0.484,0.12,25,10,12,53,3
"""I Dont Know What Love Is""",Lady Gaga,91.97,0.505,-7.621,0.752,0.419,0.535,10,14,25,51,3
"""I Dont Sell Molly No More""",ILoveMakonnen,120.014,0.804,-4.323,0.671,0.618,0.0333,10,66.66666667,13.33333333,10,1
I Feel It Coming,The Weeknd,105.002,0.624,-7.482,0.693,0.369,0.299,35,11.66666667,25.83333333,27.5,0
I Guess I Just Feel Like,John Mayer,148.06,0.557,-8.134,0.544,0.354,0.0407,10.83333333,15,34.16666667,40,3
I Had A Dream,Kelly Clarkson,169.867,0.345,-10.654,0.374,0.552,0.376,14,35,25,26,1
"""I Know Theres Gonna Be""",Jamie xx,66.98,0.214,-12.518,0.306,0.108,0.844,0,32.14285714,45,22.85714286,2
I Like Me Better,Lauv,105.857,0.718,-10.388,0.826,0.884,0.0845,26.66666667,20,16.66666667,36.66666667,3
I Like The Way,Against The Current,135.406,0.75,-10.457,0.731,0.639,0.0862,20,30,21.66666667,28.33333333,1
I Miss You,Clean Bandit,94.498,0.564,-5.892,0.512,0.395,0.279,17,26.66666667,33.33333333,23,2
I Need To Wake Up,Melissa Etheridge,143.522,0.278,-14.946,0.167,0.0911,0.716,10,20,33.33333333,36.66666667,3
I Need You Tonight,Punkin Machine,82.118,0.715,-11.164,0.549,0.777,0.374,28.33333333,15.71428571,16.66666667,39.28571429,3
I Shall Be Released,Nina Simone,132.977,0.987,-3.007,0.498,0.327,7.83E-06,30,46.66666667,3.333333333,20,1
I Will Always Love You,Whitney Houston,97.005,0.694,-6.257,0.63,0.216,0.00281,10,21.66666667,32.5,35.83333333,3
I Wish,Stevie Wonder,130.852,0.476,-6.461,0.315,0.236,0.746,30.83333333,16.66666667,40,12.5,2
I Would Die 4 U,Prince,106.005,0.849,-7.886,0.745,0.725,0.0647,10,31.66666667,32.5,25.83333333,2
If I Gave You My Love,Myron & E,80.924,0.668,-4.284,0.609,0.811,0.0552,20,66.66666667,3.333333333,10,1
If The World Ends,Guillemots,107.699,0.609,-8.678,0.479,0.513,0.127,38.33333333,10,14.16666667,37.5,0
Ikimiz Bir Fidaniz,Umit Aksu Orkestrasi,125.107,0.474,-4.89,0.709,0.366,0.364,20,40,40,0,1
"""ILl Do Anything""",Courtney Love,139.922,0.401,-8.553,0.854,0.42,0.118,33,28.66666667,20,18.33333333,0
"""Im a Mess""",Bebe Rexha,108.038,0.874,-3.594,0.613,0.543,0.00139,20,66.66666667,3.333333333,10,1
"""Im Already There""",Westlife,140.025,0.712,-7.321,0.622,0.487,0.0573,10,21.66666667,32.5,35.83333333,3
"""Im In Love""","""Fools Gold""",91.03,0.626,-5.833,0.835,0.35,0.0589,19.16666667,27.5,23.33333333,30,3
"""Im the One""",DJ Khaled,121.061,0.775,-4.145,0.528,0.517,0.00145,20,56.66666667,3.333333333,20,1
"""Im Ya Dogg""",Snoop Dogg,133.99,0.519,-5.88,0.501,0.168,0.109,0,20,50,30,2
imagine,Ariana Grande,119.978,0.781,-7.018,0.912,0.89,0.074,12.5,46.66666667,35,5.833333333,1
Imma Ride,Young Thug,130.253,0.0262,-14.617,0.467,0.218,0.917,10,22.14285714,35,32.85714286,2
Immortals,Fall Out Boy,128.289,0.548,-9.682,0.734,0.724,0.0213,10,50,20,20,1
In My Blood,Shawn Mendes,128.231,0.222,-11.073,0.399,0.0387,0.864,20,22.14285714,35,22.85714286,2
In My Feelings,Drake,102.727,0.279,-7.757,0.557,0.263,0.868,30,34.14285714,5,30.85714286,1
In the End,Family of the Year,114.205,0.415,-6.855,0.686,0.446,0.39,20,13.33333333,50,16.66666667,2
In the Name of Love,Martin Garrix,114.205,0.415,-6.855,0.686,0.446,0.39,20,13.33333333,50,16.66666667,2
Inspector Norse,Todd Terje,78.127,0.752,-8.18,0.268,0.282,0.000318,30,6.666666667,20.83333333,42.5,3
Interlude,Alan Walker,121.099,0.333,-17.848,0.883,0.964,0.00799,38.66666667,19.33333333,30,12,0
International Players Anthem,Swishahouse,128.487,0.494,-11.662,0.692,0.961,0.346,43.33333333,20,20,16.66666667,0
Intro,Alan Walker,130.035,0.944,-3.626,0.603,0.418,0.0481,30,56.66666667,3.333333333,10,1
Is That Alright?,Lady Gaga,142.072,0.553,-7.286,0.852,0.656,0.0563,27.5,40,22.5,10,1
Issues,Julia Michaels,145.014,0.894,-5,0.604,0.901,0.0212,30,36.66666667,13.33333333,20,1
Issues,Julia Michaels,110.009,0.839,-3.05,0.614,0.351,0.0324,20,66.66666667,3.333333333,10,1
It All Feels Right,Washed Out,171.009,0.789,-4.548,0.262,0.487,0.00422,20,46.66666667,13.33333333,20,1
It Looks Like Love,Goody Goody,131.741,0.532,-7.11,0.583,0.223,0.684,30,26.14285714,20,23.85714286,0
"""Its My Party""",Lesley Gore,99.982,0.749,-6.964,0.526,0.421,0.023,20,21.66666667,15.83333333,42.5,3
"""Ive Seen Footage""",Death Grips,114.812,0.41,-8.735,0.735,0.164,0.19,5,20,50,25,2
Jumpman,Drake,107.434,0.484,-6.232,0.857,0.748,0.29,25,47.5,22.5,5,1
Junk of the Heart,The Kooks,84.259,0.618,-4.585,0.514,0.401,0.175,25,56.66666667,3.333333333,15,1
Just Hold On,Steve Aoki,99.738,0.728,-5.835,0.419,0.208,0.0142,10,36.66666667,13.33333333,40,3
Killer Queen,5 Seconds of Summer,137.605,0.64,-8.348,0.801,0.771,0.0449,30,6.666666667,30.83333333,32.5,3
Kiss From A Rose,Seal,125.012,0.881,-5.875,0.602,0.577,0.00462,10,46.66666667,13.33333333,30,1
Kiss Me,Sixpence None The Richer,150.073,0.557,-5.714,0.652,0.483,0.74,23.33333333,56.66666667,10,10,1
Know Yourself,Drake,100.023,0.713,-5.311,0.652,0.152,0.0771,20,46.66666667,13.33333333,20,1
Last Chance to Dance,Ekkah,100.005,0.942,-4.336,0.574,0.395,0.0815,30,56.66666667,3.333333333,10,1
Last Hurrah,Bebe Rexha,191.618,0.861,-3.138,0.521,0.473,0.261,25,46.66666667,13.33333333,15,1
Leave A Trace,CHVRCHES,126.096,0.818,-6.958,0.695,0.485,0.114,15,21.66666667,32.5,30.83333333,2
Leave House,Caribou,149.988,0.821,-7.442,0.512,0.402,0.0696,13.33333333,21.66666667,22.5,42.5,3
Let It Happen,Tame Impala,120.944,0.861,-7.146,0.575,0.379,0.00175,20,21.66666667,22.5,35.83333333,3
Let Me Down Slowly,Alec Benjamin,112.006,0.84,-6.28,0.648,0.568,0.00414,10,21.66666667,32.5,35.83333333,3
Let Me Love You,DJ Snake,80.126,0.449,-11.462,0.736,0.326,0.33,30,20,35,15,2
Let Me Show You Love,Cut Copy,120.024,0.583,-7.415,0.786,0.229,0.0552,30,11.66666667,25.83333333,32.5,3
Let You Love Me,Rita Ora,127.978,0.525,-7.685,0.882,0.267,0.00678,20.5,40,27.5,12,1
Lie for Love,Sabrina Carpenter,106.739,0.913,-9.091,0.717,0.962,0.32,45,10,24.16666667,20.83333333,0
Light House,Future Islands,96.057,0.587,-5.075,0.791,0.536,0.407,10,16.66666667,63.33333333,10,2
Light Up,Tim Halperin,97.012,0.493,-4.1,0.849,0.447,0.456,2.5,45,37.5,15,1
Little People (Black City),Matthew Dear,128.07,0.709,-6.471,0.766,0.506,0.204,6.666666667,21.66666667,42.5,29.16666667,2
Location,Khalid,120.011,0.855,-4.795,0.701,0.751,0.0786,10,66.66666667,13.33333333,10,1
Look Alive,Rae Sremmurd,113.997,0.798,-6.175,0.735,0.464,0.0579,10,36.66666667,40,13.33333333,2
Look At Wrist,Father,107.178,0.852,-5.34,0.694,0.377,0.0882,10,56.66666667,23.33333333,10,1
Look at You,George McCrae,128.625,0.431,-6.633,0.478,0.343,0.638,26.66666667,16.66666667,53.33333333,3.333333333,2
Look Back At It,A Boogie Wit da Hoodie,82.025,0.582,-4.769,0.494,0.416,0.102,25,46.66666667,5.333333333,23,1
Look What I Found,Lady Gaga,125.995,0.885,-6.706,0.761,0.756,0.0151,30,11.66666667,42.5,15.83333333,2
Look What You Made Me Do,Taylor Swift,109.02,0.631,-10.748,0.646,0.167,0.00462,20,10,27.5,42.5,3
Lose My Mind,A-Trak,126.03,0.894,-4.814,0.495,0.213,0.00453,30,46.66666667,3.333333333,20,1
Losing You,Solange,131.957,0.42,-8.224,0.778,0.2,0.0407,30,5,30,35,3
Lost In Japan,Shawn Mendes,111.87,0.602,-7.902,0.64,0.951,0.0646,10,21.66666667,35.83333333,32.5,2
Lost In The Fire,Four of Diamonds,92.005,0.628,-7.882,0.704,0.654,0.0626,20,31.66666667,15.83333333,32.5,3
Lost Stars,Adam Levine,139.96,0.446,-8.49,0.59,0.323,0.489,27.5,37.14285714,25,10.35714286,1
Lost You,Zeds Dead,139.934,0.781,-6.406,0.573,0.343,0.0767,20,21.66666667,22.5,35.83333333,3
Loud Places,Jamie xx,104.014,0.794,-4.118,0.738,0.566,0.101,15,56.66666667,13.33333333,15,1
Love Me Again,John Newman,105.591,0.597,-6.036,0.43,0.334,0.248,35,16.66666667,33.33333333,15,0
Love Sosa,Chief Keef,130.025,0.773,-4.722,0.763,0.343,0.00705,30,46.66666667,13.33333333,10,1
Lovefool,The Cardigans,86.969,0.655,-9.781,0.697,0.415,0.0626,30,40,0,30,1
Magnets,Disclosure,150.062,0.434,-8.795,0.833,0.281,0.0102,18,12,25,45,3
Magnolia,Young & Sick,86.485,0.344,-15.259,0.492,0.247,0.674,16.66666667,35.47619048,30,17.85714286,1
Malibu,Miley Cyrus,79.776,0.282,-7.65,0.699,0.359,0.798,46.66666667,19.14285714,0,34.19047619,0
Mama,Jonas Blue,97.038,0.858,-3.3,0.615,0.323,0.00393,20,66.66666667,3.333333333,10,1
Man I Need,Jagwar Ma,140.086,0.545,-8.536,0.737,0.443,0.0855,17.5,30,32.5,20,2
Mandy,Westlife,104.666,0.704,-4.838,0.548,0.288,0.0168,20,66.66666667,3.333333333,10,1
Maneuvering,ILoveMakonnen,105.004,0.741,-5.345,0.525,0.294,0.0153,20,36.66666667,13.33333333,30,1
Marijuana,Chrome Sparks,135.45,0.449,-12.037,0.45,0.139,0.00791,10,0,45,45,2
Mask Off,Future,103.885,0.332,-18.852,0.635,0.839,0.0351,18,16.66666667,40.33333333,25,2
Master Of None,Beach House,124.791,0.692,-5.64,0.628,0.0964,0.00244,10,46.66666667,13.33333333,30,1
"""Maybe Its Time""",Bradley Cooper,48.702,0.442,-12.899,0.595,0.297,0.0709,0,30,30,40,3
medicine,Bring Me The Horizon,123.07,0.741,-4.959,0.644,0.547,0.0261,20,46.66666667,13.33333333,20,1
Mercy,Kanye West,150.067,0.936,-6.365,0.568,0.791,0.064,20,21.66666667,22.5,35.83333333,3
Mi Gente,J Balvin,114.805,0.356,-9.044,0.625,0.325,0.392,18,35,47,0,2
Midnight City,M83,175.822,0.981,-2.451,0.304,0.782,0.000371,30,36.66666667,13.33333333,20,1
Milly Rock,2milly,95.989,0.489,-10.29,0.545,0.188,0.0758,16.66666667,16.66666667,11.66666667,55,3
Missed,PJ Harvey,100,0.611,-6.112,0.704,0.22,0.217,15,36.66666667,33.33333333,15,1
Mnemic,Zero Gravity,125.064,0.739,-6.95,0.728,0.311,0.0968,25,21.66666667,32.5,20.83333333,2
Monster,Kanye West,121.983,0.623,-6.76,0.841,0.744,0.0404,26.66666667,40,20.83333333,12.5,1
More Than That,Lauren Jauregui,86.777,0.394,-8.903,0.277,0.227,0.423,10,25,63,2,2
More Than You Know,Axwell /\\ Ingrosso,122.919,0.536,-5.593,0.643,0.471,0.485,23.33333333,46.66666667,28.33333333,1.666666667,1
Moving to the Left,Woods,160.139,0.492,-5.767,0.23,0.262,0.568,30.83333333,26.66666667,30,12.5,0
Music To My Eyes,Lady Gaga,106.971,0.742,-4.331,0.715,0.322,0.052,20,66.66666667,3.333333333,10,1
My Brain Tells My Body,The Vandals,116.073,0.7,-6.021,0.762,0.608,0.00261,26.66666667,26.66666667,33.33333333,13.33333333,2
My Sundown,Jimmy Eat World,68.456,0.593,-4.34,0.5,0.329,0.141,25,46.66666667,15.33333333,13,1
Natural,Imagine Dragons,79.576,0.202,-17.179,0.763,0.738,0.75,26.66666667,21.33333333,10,42,3
Need to Know,Calum Scott,93.987,0.764,-5.279,0.785,0.96,0.149,16.66666667,36.66666667,33.33333333,13.33333333,1
Nervous,Shawn Mendes,91.995,0.533,-5.439,0.716,0.502,0.147,10,50,38.33333333,1.666666667,1
Never Enough,Loren Allred,112.956,0.667,-5.445,0.741,0.595,0.0575,10,56.66666667,23.33333333,10,1
Never Gonna Give You Up,Barry White,97.967,0.445,-7.202,0.312,0.272,0.365,27.5,10,58,4.5,2
Never Had A Dream Come True,S Club 7,121.993,0.713,-5.507,0.699,0.354,0.04,10,56.66666667,23.33333333,10,1
Never Say Never,The Fray,125.008,0.483,-7.797,0.888,0.226,0.013,20.5,30,32.5,17,2
New,Daya,116.86,0.111,-11.879,0.405,0.219,0.964,10,22.14285714,45,22.85714286,2
New Rules,Dua Lipa,150.102,0.841,-6.31,0.264,0.716,1.94E-05,20,6.666666667,30.83333333,42.5,3
New Slaves,Kanye West,110.03,0.585,-4.861,0.67,0.447,0.107,15,56.66666667,13.33333333,15,1
New York City,Christopher Owens,149.97,0.77,-6.954,0.633,0.329,0.284,17,11.66666667,42.5,28.83333333,2
Next to You,Poolside,110.997,0.637,-5.364,0.8,0.877,0.0131,20,36.66666667,23.33333333,20,1
No Place,Backstreet Boys,103.99,0.61,-5.857,0.796,0.391,0.00842,20,26.66666667,33.33333333,20,2
No Promises,Cheat Codes,177.13,0.868,-2.685,0.251,0.599,0.488,23.33333333,53.33333333,13.33333333,10,1
No Rest For The Wicked,Lykke Li,132.371,0.139,-10.721,0.39,0.108,0.917,20,22.14285714,35,22.85714286,2
no tears left to cry,Ariana Grande,122.431,0.777,-8.434,0.782,0.872,0.304,30,6.666666667,37.5,25.83333333,2
No Type,Rae Sremmurd,130.007,0.476,-12.686,0.762,0.375,0.366,23.33333333,36.66666667,5,35,1
Not About Angels,Birdy,126.005,0.927,-7.446,0.592,0.326,1.42E-05,10,31.66666667,22.5,35.83333333,3
Nothing Ever Happened,Deerhunter,125.002,0.495,-10.747,0.729,0.483,0.131,13.33333333,26.66666667,25,35,3
Now Or Never,Halsey,180.434,0.597,-12.107,0.298,0.536,0.00111,40,3.333333333,11.66666667,45,3
"""Oh My Darling Dont Meow (Just Blaze Remix)""",Run The Jewels,109.508,0.602,-7.655,0.487,0.2,0.0685,13.33333333,25,29.16666667,32.5,3
Okay,Holy Ghost!,99.999,0.644,-6.763,0.646,0.251,0.0243,20,21.66666667,25.83333333,32.5,3
One Dance,Drake,149.724,0.418,-14.374,0.805,0.966,0.459,22.5,50,15,12.5,1
One Fine Day,The Chiffons,111.963,0.459,-11.556,0.804,0.372,0.304,30,36.66666667,28.33333333,5,1
One More Chance,James Collins,111.963,0.459,-11.556,0.804,0.372,0.304,30,36.66666667,28.33333333,5,1
One Nation Under a Groove,Funkadelic,95.05,0.448,-6.312,0.599,0.168,0.163,10,15,65,10,2
One Night,Lil Yachty,109.883,0.858,-7.086,0.77,0.76,0.0106,20,11.66666667,42.5,25.83333333,2
Operate,ASTR,100.038,0.834,-7.52,0.638,0.777,0.0447,10,21.66666667,32.5,35.83333333,3
Our Love,Caribou,121.451,0.783,-5.191,0.786,0.968,0.723,20,80,0,0,1
Paperthin Hymn,Anberlin,128.983,0.397,-12.776,0.736,0.297,0.272,35,20,30,15,0
Papi Pacify,FKA twigs,146.747,0.795,-4.579,0.729,0.856,0.354,27.5,26.66666667,38.33333333,7.5,2
Paris,The Chainsmokers,91.906,0.729,-5.712,0.508,0.412,0.0681,10,36.66666667,13.33333333,40,3
Pass The Dutchie,Musical Youth,91.906,0.729,-5.712,0.508,0.412,0.0681,10,36.66666667,13.33333333,40,3
Passionfruit,Drake,121.03,0.868,-4.661,0.703,0.733,0.15,15,56.66666667,23.33333333,5,1
Passionfruit,Drake,138.035,0.462,-7.776,0.928,0.886,0.0795,18,38.66666667,20,23.33333333,1
Perfect,Ed Sheeran,107.998,0.661,-6.111,0.401,0.166,0.0129,10,16.66666667,33.33333333,40,3
Pick Up The Pieces,Average White Band,93.287,0.531,-10.113,0.661,0.672,0.141,3.333333333,16.66666667,62.5,17.5,2
Platoon,Jungle,91.349,0.435,-8.97,0.679,0.365,0.167,10,13.33333333,50,26.66666667,2
Please Mr. Postman,The Marvelettes,169.658,0.482,-5.574,0.244,0.41,0.831,60.83333333,16.66666667,10,12.5,0
Please Stop Making Fake Versace,Father,160.143,0.347,-11.174,0.743,0.572,0.167,16,34,35,15,2
"""Poppin My Collar""",Three 6 Mafia,160.143,0.347,-11.174,0.743,0.572,0.167,16,34,35,15,2
Preach,John Legend,94.731,0.465,-11.259,0.54,0.341,0.652,30,21.85714286,35,13.14285714,2
Preach,John Legend,95.487,0.833,-5.379,0.715,0.612,0.00631,20,56.66666667,13.33333333,10,1
Pretty Girl,Maggie Lindemann,131.958,0.419,-6.602,0.746,0.225,0.0426,0,38.33333333,36.66666667,25,1
Pussy,Brazilian Girls,125.046,0.619,-7.005,0.684,0.284,0.0716,20,31.66666667,25.83333333,22.5,1
Pyramids,Frank Ocean,104.595,0.573,-11.876,0.794,0.881,0.326,60,10,20,10,0
"""Queens Speech 4""",Lady Leshurr,73.048,0.804,-3.452,0.483,0.811,0.0356,20,56.66666667,3.333333333,20,1
Rainy Streets,Blue In Green,153.547,0.292,-12.977,0.654,0.103,0.0962,26.66666667,20,25,28.33333333,3
Raise A Man,Alicia Keys,128.128,0.179,-10.866,0.658,0.191,0.689,26.66666667,34.14285714,15,24.19047619,1
Redbone,Childish Gambino,159.847,0.535,-6.09,0.587,0.14,0.117,0,10,48.33333333,41.66666667,2
Redbone,Childish Gambino,124.896,0.699,-5.265,0.665,0.585,0.423,25,26.66666667,43.33333333,5,2
Reminiscing,Little River Band,124.012,0.639,-6.546,0.596,0.233,0.783,33.33333333,20.66666667,20,26,0
Return Of The Mack - C & J Street Mix,Mark Morrison,116.74,0.65,-7.953,0.623,0.879,0.245,25,21.66666667,35.83333333,17.5,2
Rewind,Kelela,126.041,0.52,-6.301,0.739,0.247,0.0754,0,45,40,15,1
Rewrite The Stars,Zac Efron,117.99,0.915,-6.264,0.586,0.749,0.00706,10,21.66666667,32.5,35.83333333,3
Right Place Wrong Time,Dr. John,167.908,0.439,-8.591,0.54,0.371,0.635,25,21.14285714,45,8.857142857,2
Rill Rill,Sleigh Bells,85.043,0.557,-7.398,0.358,0.494,0.695,46,17.14285714,20,16.85714286,0
River,Ibeyi,137.972,0.54,-7.786,0.584,0.195,0.0895,0,25,35,40,3
River,Leon Bridges,87.973,0.56,-6.221,0.598,0.535,0.195,5,16.66666667,56.66666667,21.66666667,2
rockstar,Post Malone,108.029,0.747,-5.747,0.686,0.696,0.111,15,46.66666667,13.33333333,25,1
Ruin My Life,Zara Larsson,73.061,0.607,-10.088,0.557,0.235,0.00266,23.33333333,30,6.666666667,40,3
Sabali,Amadou & Mariam,142.007,0.686,-5.817,0.785,0.965,0.101,16.66666667,36.66666667,23.33333333,23.33333333,1
San Francisco,Foxygen,95.799,0.385,-6.362,0.572,0.323,0.371,55,15,30,0,0
Sanctified,Rick Ross,95.977,0.652,-3.183,0.825,0.931,0.581,9.166666667,85,0,5.833333333,1
Saturday Love,Toro y Moi,130.215,0.284,-12.866,0.332,0.311,0.459,24,21.66666667,21.66666667,32.66666667,3
Saturday Nights,Khalid,115.741,0.735,-4.733,0.672,0.754,0.286,25,36.66666667,33.33333333,5,1
"""Say You Wont Let Go""",James Arthur,159.174,0.736,-5.84,0.65,0.612,0.0513,10,46.66666667,13.33333333,30,1
Scared to Be Lonely,Martin Garrix,119.972,0.595,-4.63,0.516,0.222,0.0275,20,60,10,10,1
Seasons in the Sun,Westlife,141.971,0.761,-3.093,0.52,0.286,0.256,25,46.66666667,13.33333333,15,1
See Blind Through,Canyons,75.881,0.552,-6.864,0.346,0.0789,0.417,48.5,10,32.5,9,0
Sentimental Trash,Sweet Valley,104.066,0.795,-3.299,0.736,0.511,0.498,15.83333333,33.33333333,38.33333333,12.5,2
Sexy Socialite,Chromeo,85.889,0.431,-6.666,0.726,0.86,0.0139,10,25,35,30,2
Shallow,Lady Gaga,108.003,0.98,-4.914,0.629,0.808,0.228,35,36.66666667,23.33333333,5,1
Shape of You,Ed Sheeran,116.635,0.383,-13.661,0.863,0.331,0.0561,24,29.33333333,41.66666667,5,2
She,Elvis Costello,95.045,0.642,-5.165,0.751,0.388,0.0861,10,46.66666667,23.33333333,20,1
Shotgun,George Ezra,114.981,0.843,-2.409,0.753,0.405,0.0446,20,56.66666667,13.33333333,10,1
Side To Side,Ariana Grande,124.091,0.712,-4.128,0.767,0.804,0.0409,16.66666667,46.66666667,13.33333333,23.33333333,1
Sign of the Times,Harry Styles,109.891,0.405,-5.679,0.501,0.446,0.751,33.33333333,46.66666667,10,10,1
Silence,Marshmello,103.019,0.635,-6.769,0.617,0.446,0.0498,10,21.66666667,29.16666667,39.16666667,3
Skyfall,Adele,103.982,0.709,-5.518,0.444,0.351,0.0474,10,36.66666667,13.33333333,40,3
Sleeping At Last,Brightly,96.318,0.752,-6.088,0.446,0.596,0.0174,10,26.66666667,23.33333333,40,3
Slide,Calvin Harris,172.004,0.665,-4.203,0.448,0.304,0.06,20,56.66666667,3.333333333,20,1
Slow Hands,Niall Horan,144.004,0.635,-6.917,0.702,0.873,0.0223,20,31.66666667,25.83333333,22.5,1
Slumlord,Neon Indian,87.969,0.88,-2.01,0.576,0.514,0.0208,20,66.66666667,3.333333333,10,1
Smell Yo D*ck,Riskay,120.368,0.528,-10.666,0.818,0.896,0.377,13.33333333,56.66666667,10,20,1
SOLO,JENNIE,106.283,0.445,-12.725,0.752,0.964,0.5,17.5,35,5,42.5,3
Solo Dance,Martin Jensen,186.005,0.588,-7.015,0.678,0.486,0.141,25,21.66666667,35.83333333,17.5,2
"""Somebodys Watching Me""",Rockwell,86.311,0.523,-7.856,0.792,0.545,0.0365,30,5,30,35,3
Someone You Loved,Lewis Capaldi,99.989,0.615,-4.238,0.729,0.508,0.378,15,36.66666667,43.33333333,5,2
Something Just Like This,The Chainsmokers,85.913,0.468,-5.396,0.479,0.35,0.414,10,30,58,2,2
Something Left To Give,The Starting Line,78.643,0.526,-4.686,0.314,0.195,0.428,10,70,18.33333333,1.666666667,1
Sometimes,Heems,96.933,0.542,-7.204,0.627,0.217,0.648,20,21.14285714,40,18.85714286,2
Somewhere Only We Know,Keane,159.902,0.783,-5.41,0.566,0.53,0.241,25,36.66666667,33.33333333,5,1
Sorry Not Sorry,Demi Lovato,106.023,0.497,-5.484,0.874,0.542,0.22,33,32.5,27.5,7,0
Speakerbox,Bassnectar,143.299,0.957,-6.101,0.331,0.548,0.419,35,6.666666667,33.33333333,25,0
Spill The Wine,Eric Burdon,91.048,0.823,-3.297,0.684,0.647,0.0744,10,66.66666667,13.33333333,10,1
Spooky,Dusty Springfield,111.74,0.874,-6.821,0.485,0.528,0.181,15,11.66666667,45.83333333,27.5,2
Starboy,The Weeknd,100.38,0.767,-5.713,0.587,0.664,0.225,15,36.66666667,33.33333333,15,1
Started From the Bottom,Drake,120.076,0.788,-7.055,0.748,0.884,0.0591,10,31.66666667,42.5,15.83333333,2
Starving,Hailee Steinfeld,170.678,0.688,-8.407,0.388,0.806,0.196,25,6.666666667,30.83333333,37.5,3
Stay,Post Malone,175.85,0.332,-16.471,0.303,0.41,0.00859,3.333333333,13.33333333,43.33333333,40,2
Stay With Me,CHANYEOL,120.367,0.295,-13.242,0.562,0.158,0.396,30,33,15,22,1
Stray,Grace VanderWaal,83.002,0.278,-10.471,0.58,0.349,0.486,32.5,45.85714286,5,16.64285714,1
Strip Me,Natasha Bedingfield,115.078,0.481,-12.59,0.684,0.784,0.475,45.83333333,27.14285714,10,17.02380952,0
Strip That Down,Liam Payne,124.053,0.807,-2.81,0.612,0.398,0.0495,20,66.66666667,3.333333333,10,1
Strychnine,The Sonics,114.047,0.676,-4.502,0.812,0.38,0.0454,16.66666667,46.66666667,13.33333333,23.33333333,1
SUBEME LA RADIO,Enrique Iglesias,122.863,0.629,-4.581,0.707,0.457,0.259,25,36.66666667,33.33333333,5,1
Subways,The Avalanches,127.054,0.428,-8.207,0.872,0.471,0.00226,26,18.66666667,35,20.33333333,2
Suddenly I See,KT Tunstall,124.998,0.83,-5.766,0.814,0.285,0.0152,20,36.66666667,23.33333333,20,1
Sugar,Maroon 5,134.066,0.56,-4.961,0.853,0.86,0.013,25,29.16666667,45.83333333,0,2
Sugar for the Queen,Bells Atlas,140.943,0.583,-6.434,0.726,0.491,0.334,35,21.66666667,35.83333333,7.5,2
Summer Madness,Kool & The Gang,132.475,0.84,-6.227,0.7,0.758,0.0638,10,41.66666667,25,23.33333333,1
Sun In The Night,Lighthouse Family,100.002,0.506,-4.863,0.697,0.516,0.0792,10,70,10,10,1
Sunflower,Stanaj,167.032,0.961,-4.421,0.374,0.357,5.53E-05,30,36.66666667,13.33333333,20,1
Sunshine Of Your Love,Cream,138,0.421,-9.015,0.688,0.623,0.723,30,14.47619048,20,35.52380952,3
Sweater Weather,The Neighbourhood,157.92,0.824,-7.36,0.417,0.4,0.000239,20,6.666666667,30.83333333,42.5,3
Swerve,ILoveMakonnen,112.986,0.565,-7.065,0.58,0.138,0.0671,7.5,15,27.5,50,3
Symphony,Clean Bandit,82.625,0.555,-7.358,0.521,0.653,0.217,32.5,5,47.5,15,2
Take You On,Peaches,116.081,0.789,-8.208,0.799,0.832,0.0604,20,11.66666667,32.5,35.83333333,3
Talk About,Les Sins,153.99,0.795,-8.45,0.638,0.31,0.00433,10,16.66666667,37.5,35.83333333,2
"""Thats What I Like""",Bruno Mars,92.074,0.917,-4.753,0.563,0.573,0.128,35,46.66666667,3.333333333,15,1
The Buzz (feat. Mataya & Young Tapz),Hermitude,128.604,0.884,-4.602,0.389,0.422,0.00412,20,46.66666667,13.33333333,20,1
The Chase,Future Islands,109.029,0.753,-6.039,0.694,0.532,0.0441,10,36.66666667,30,23.33333333,1
The Cure,Lady Gaga,109.581,0.203,-9.706,0.272,0.172,0.784,10,25,45,20,2
The Diary Of Jane,Breaking Benjamin,123.028,0.59,-4.144,0.753,0.593,0.259,20,36.66666667,33.33333333,10,1
The Gaudy Side of Town,Gayngs,113.682,0.632,-5.569,0.548,0.535,0.0126,10,36.66666667,13.33333333,40,3
The Greatest Show,Hugh Jackman,135.917,0.682,-7.416,0.44,0.626,0.681,50,7.142857143,0,42.85714286,0
The Hills,The Weeknd,105.969,0.644,-7.607,0.611,0.13,0.124,25,21.66666667,15.83333333,37.5,3
The Incidentals,"""Alishas Attic""",76.986,0.685,-4.828,0.452,0.305,0.0257,20,56.66666667,3.333333333,20,1
The Life And Death Of Mr. Badmouth,,121.998,0.813,-4.063,0.866,0.969,0.38,7.5,51.66666667,38.33333333,2.5,1
The Magnificent Seven - Remastered,The Clash,108.066,0.843,-7.416,0.583,0.411,0.119,15,21.66666667,22.5,40.83333333,3
The Other Side,Hugh Jackman,120.001,0.778,-5.485,0.807,0.788,0.0132,20,36.66666667,23.33333333,20,1
The Payback,James Brown,120.024,0.463,-6.159,0.854,0.549,0.117,30.5,26.16666667,25,18.33333333,0
The Righteous One,The Orwells,191.702,0.704,-7.276,0.284,0.1,0.00583,20,6.666666667,30.83333333,42.5,3
The River,Son Little,109.977,0.795,-6.758,0.781,0.8,0.00219,20,11.66666667,42.5,25.83333333,2
The Rose,Westlife,117.801,0.663,-7.879,0.836,0.358,0.00617,16.66666667,6.666666667,20.83333333,55.83333333,3
The Show,Lenka,167.997,0.822,-4.833,0.605,0.288,0.00671,20,66.66666667,3.333333333,10,1
The Wire,HAIM,129.952,0.586,-9.414,0.6,0.205,0.0112,10,40,10.83333333,39.16666667,1
Then He Kissed Me,The Crystals,161.564,0.331,-10.316,0.351,0.191,0.3,4,20,30,46,3
There for You,Martin Garrix,145.075,0.428,-11.097,0.414,0.282,0.382,10,20.71428571,63,6.285714286,2
There You Are,ZAYN,123.994,0.876,-4.159,0.69,0.493,0.0428,10,66.66666667,13.33333333,10,1
"""Theres Nothing Holdin Me Back""",Shawn Mendes,82.925,0.725,-6.156,0.429,0.159,0.00502,10,26.66666667,23.33333333,40,3
They Come in Gold,Shabazz Palaces,67.479,0.482,-6.621,0.565,0.342,0.0385,20,17.5,22.5,40,3
"""They Dont Know - Original Mix""",Disciples,91.92,0.375,-8.279,0.698,0.534,0.652,30,14.47619048,20,35.52380952,3
This Is America,Childish Gambino,101.798,0.917,-8.806,0.553,0.781,0.00265,13.33333333,20,30.83333333,35.83333333,3
This Is Me,Keala Settle,130.047,0.513,-5.318,0.908,0.257,0.00271,35,42.5,17.5,5,1
This Ready Flesh,TR/ST,148.075,0.873,-3.803,0.746,0.817,0.0244,10,66.66666667,13.33333333,10,1
This Time Around,Softwar,127.136,0.481,-10.488,0.798,0.62,0.0302,43.33333333,16.66666667,15,25,0
Thunder,Imagine Dragons,142.053,0.833,-4.982,0.502,0.596,0.000472,20,36.66666667,13.33333333,30,1
Tides of Neptune,Virgo,150.305,0.662,-6.025,0.583,0.636,0.00541,10,26.66666667,23.33333333,40,3
Tightrope,Michelle Williams,140.163,0.664,-5.604,0.77,0.472,0.215,6.666666667,46.66666667,23.33333333,23.33333333,1
Tiny Dancer,Elton John,134.009,0.581,-6.492,0.706,0.435,0.0151,10,41.66666667,25.83333333,22.5,1
Tired,Alan Walker,173.954,0.782,-6.769,0.45,0.222,0.00919,20,16.66666667,20.83333333,42.5,3
To The Top,Twin Shadow,76.27,0.58,-8.131,0.468,0.325,0.34,42.5,22.5,25,10,0
Too Far Gone,Bradley Cooper,112.977,0.945,-6.445,0.742,0.742,0.0639,10,31.66666667,42.5,15.83333333,2
Too Good At Goodbyes,Sam Smith,96.37,0.527,-5.318,0.441,0.589,0.172,0,20,60.33333333,19.66666667,2
Town Called Malice,The Jam,97.985,0.769,-5.043,0.726,0.733,0.0293,20,56.66666667,13.33333333,10,1
Traffic,Lil Reese,122.065,0.617,-4.516,0.788,0.128,0.0448,20,46.66666667,13.33333333,20,1
Trap Queen,Fetty Wap,139.94,0.792,-5.33,0.624,0.325,0.00156,20,46.66666667,13.33333333,20,1
Trill Hoe,Western Tink,105.02,0.851,-4.782,0.715,0.789,0.0036,20,66.66666667,3.333333333,10,1
Trust Me Danny,ILoveMakonnen,190.559,0.939,-4.756,0.133,0.219,8.20E-06,30,36.66666667,13.33333333,20,1
Trust My Lonely,Alessia Cara,144.005,0.814,-3.903,0.615,0.577,0.17,25,56.66666667,13.33333333,5,1
Tuesday,ILoveMakonnen,88.038,0.453,-6.119,0.652,0.432,0.0519,10,30,40,20,2
U Mad,Vic Mensa,112.235,0.56,-7.614,0.888,0.817,0.0165,28,30,30,12,1
Unbound,Cathedrals,130.611,0.283,-15.173,0.343,0.166,0.645,10,32.14285714,38.33333333,19.52380952,2
Uncast Shadow Of A Southern Myth,Parquet Courts,90.983,0.925,-7.713,0.644,0.884,0.107,15,11.66666667,32.5,40.83333333,3
Uncle ACE,Blood Orange,138.993,0.38,-8.854,0.25,0.157,0.502,14,25,55,6,2
Undecided,Chris Brown,116.392,0.506,-8.742,0.567,0.358,0.00731,3.333333333,10,46.66666667,40,2
Unforgettable,French Montana,123.765,0.655,-7.685,0.629,0.176,0.511,42.5,23.80952381,20.83333333,12.85714286,0
Upper Echelon,Travis Scott,123.98,0.637,-4.518,0.673,0.678,0.137,15,56.66666667,13.33333333,15,1
Versace Python,Riff Raff,153.027,0.784,-5.004,0.246,0.176,0.0107,20,26.66666667,23.33333333,30,3
Voices,Against The Current,162.109,0.772,-4.284,0.338,0.334,0.0134,20,46.66666667,13.33333333,20,1
Wait for the Man,FIDLAR,113.617,0.588,-6.177,0.489,0.187,0.0285,10,30,30,30,1
Walk,Kwabs,133.001,0.758,-6.314,0.639,0.474,0.0376,10,21.66666667,32.5,35.83333333,3
Walk Me Home,P!nk,120.119,0.93,-5.285,0.623,0.287,0.0141,30,36.66666667,13.33333333,20,1
Walking Into Sunshine,Central Line,68.353,0.241,-13.251,0.19,0.107,0.577,20,16.66666667,30.83333333,32.5,3
Watching You,Melissa Etheridge,121.912,0.92,-4.05,0.713,0.912,0.0471,20,56.66666667,13.33333333,10,1
Water No Get Enemy,Fela Kuti,119.756,0.898,-2.051,0.755,0.966,0.242,30,36.66666667,33.33333333,0,1
We All Need Saving,The Eight Tracks,86.962,0.416,-11.207,0.578,0.374,0.152,25,30,35,10,2
We Exist,Arcade Fire,129.948,0.793,-5.332,0.698,0.454,0.123,15,46.66666667,23.33333333,15,1
We Sleep In The Ocean,The Cloud Room,130.098,0.562,-7.678,0.675,0.309,0.233,22.5,15,37.5,25,2
Weak,AJR,119.999,0.687,-7.771,0.805,0.679,0.118,16.66666667,11.66666667,32.5,39.16666667,3
Weight,Mikal Cronin,108.212,0.813,-5.78,0.506,0.844,0.378,25,26.66666667,23.33333333,25,1
What About Now,Westlife,97.98,0.672,-3.094,0.671,0.632,0.0329,10,66.66666667,13.33333333,10,1
What About Us,P!nk,137.047,0.384,-11.315,0.49,0.47,0.438,12.5,20.71428571,33,33.78571429,3
What I Miss Most,Calum Scott,199.987,0.632,-6.884,0.571,0.943,0.252,27,11.66666667,25.83333333,35.5,3
"""What Ive Done""",Linkin Park,74.822,0.772,-7.31,0.368,0.213,0.163,25,6.666666667,40.83333333,27.5,2
When A Fire Starts To Burn,PJ Harvey,123.997,0.597,-6.59,0.751,0.159,0.0659,10,31.66666667,35.83333333,22.5,2
When I Fall In Love,Celine Dion,74.677,0.391,-7.594,0.593,0.141,0.253,25,25,30,20,2
When The Night Falls,Chromeo,136.041,0.488,-7.05,0.752,0.533,0.297,20,15,30,35,3
When They Fight   They Fight,Generationals,124.946,0.807,-4.59,0.72,0.305,0.129,25,56.66666667,3.333333333,15,1
When You Say Nothing At All,Boyzone,80.004,0.213,-13.437,0.533,0.207,0.849,20,24.14285714,15,40.85714286,3
White Girl,Shy Glizzy,123.922,0.955,-4.111,0.603,0.787,0.0239,30,56.66666667,3.333333333,10,1
White Iverson,Post Malone,75.044,0.412,-7.148,0.838,0.166,0.0344,38,22,21.66666667,18.33333333,0
Who Be Lovin Me,Santigold,123.999,0.658,-6.055,0.877,0.693,0.163,33,44.16666667,20.83333333,2,1
"""Why Dont They Let Us Fall in Love""",The Ronettes,75.048,0.358,-6.596,0.129,0.172,0.631,23.33333333,26.66666667,50,0,2
Wild Thoughts,DJ Khaled,136.949,0.539,-6.351,0.798,0.394,0.199,10,15,53.33333333,21.66666667,2
Will You Love Me Tomorrow,The Shirelles,120.274,0.854,-5.114,0.596,0.152,0.0169,20,46.66666667,13.33333333,20,1
Willing & Able,Disclosure,117.984,0.621,-4.105,0.869,0.962,0.159,13,41.66666667,43.33333333,2,2
Wishes,Beach House,119.964,0.798,-6.55,0.74,0.571,0.189,15,21.66666667,42.5,20.83333333,2
With That,Young Thug,100.114,0.331,-11.184,0.435,0.19,0.138,10,20,30,40,3
With You,Mariah Carey,89.994,0.728,-10.639,0.387,0.112,0.000178,30,0,15,55,3
Without Me,Halsey,160.143,0.347,-11.174,0.743,0.572,0.167,16,34,35,15,2
Wolves,Selena Gomez,86.485,0.344,-15.259,0.492,0.247,0.674,16.66666667,35.47619048,30,17.85714286,1
"""Words I Dont Remember""",How To Dress Well,174.004,0.561,-11.648,0.678,0.906,0.18,25,20,30,25,2
World In Motion,New Order,122.431,0.777,-8.434,0.782,0.872,0.304,30,6.666666667,37.5,25.83333333,2
Xanny Family,Future,120.06,0.252,-15.086,0.598,0.0352,0.193,26.66666667,23.33333333,35,15,2
"""You Dont Know Me""",Jax Jones,109.883,0.858,-7.086,0.77,0.76,0.0106,20,11.66666667,42.5,25.83333333,2
You Raise Me Up,Westlife,175.85,0.332,-16.471,0.303,0.41,0.00859,3.333333333,13.33333333,43.33333333,40,2
Young Dumb & Broke,Khalid,92.074,0.917,-4.753,0.563,0.573,0.128,35,46.66666667,3.333333333,15,1
Youngblood,5 Seconds of Summer,129.657,0.769,-7.032,0.511,0.818,0.181,15,11.66666667,45.83333333,27.5,2
Your Song,Rita Ora,108.212,0.813,-5.78,0.506,0.844,0.378,25,26.66666667,23.33333333,25,1
"""Youre Not Good Enough""",Blood Orange,190.05,0.717,-5.738,0.618,0.603,0.00256,10,46.66666667,13.33333333,30,1
"""Youre the Best""",Wet,146.747,0.795,-4.579,0.729,0.856,0.354,27.5,26.66666667,38.33333333,7.5,2
Zero Gravity,Mnemic,130.021,0.862,-4.736,0.717,0.52,0.00689,20,66.66666667,3.333333333,10,1
Redbone,Childish Gambino,145.014,0.894,-5,0.604,0.901,0.0212,30,36.66666667,13.33333333,20,1
Master Of None,Beach House,140.012,0.796,-6.179,0.621,0.279,0.0107,10,26.66666667,30,33.33333333,3
Parallel Lines,Junior Boys,111.869,0.44,-9.888,0.737,0.309,0.231,10,35.71428571,35,19.28571429,1
One Nation Under a Groove,Funkadelic,119.941,0.819,-3.484,0.932,0.556,0.0181,5,71.66666667,23.33333333,0,1
L$D,A$AP Rocky,84.975,0.642,-5.339,0.606,0.0763,0.00575,20,46.66666667,13.33333333,20,1
Baby,"""Ariel Pinks Haunted Graffiti""",135.149,0.848,-10.117,0.606,0.538,0.455,27.5,25.71428571,6.666666667,40.11904762,3
Pick Up The Pieces,Average White Band,81.971,0.888,-5.197,0.521,0.276,0.00564,20,36.66666667,13.33333333,30,1
Summer Madness,Kool & The Gang,149.902,0.68,-6.438,0.736,0.585,0.00403,10,31.66666667,42.5,15.83333333,2
The Payback,James Brown,107.912,0.867,-6.476,0.582,0.4,0.0116,10,21.66666667,32.5,35.83333333,3
Be My Baby,The Ronettes,127.839,0.784,-7.471,0.646,0.179,0.0166,10,21.66666667,32.5,35.83333333,3
"""Why Dont They Let Us Fall in Love""",The Ronettes,125.798,0.56,-10.062,0.834,0.78,0.0145,20,20,10,50,3
679 (feat. Remy Boyz),Fetty Wap,131.05,0.526,-5.046,0.713,0.131,0.00767,10,60,18.33333333,11.66666667,1
"""Poppin My Collar - feat. Project Pat - Explicit""",Three 6 Mafia,118.001,0.501,-6.076,0.846,0.822,0.0111,22.5,37.5,25,15,1
We Dem Boyz,Wiz Khalifa,159.882,0.827,-5.789,0.305,0.493,2.84E-06,10,26.66666667,23.33333333,40,3
Junk of the Heart (Happy),The Kooks,107.651,0.772,-5.046,0.464,0.63,0.196,25,26.66666667,33.33333333,15,2
Go,Grimes,97.479,0.792,-4.043,0.598,0.732,0.121,25,56.66666667,3.333333333,15,1
Sitting Pretty (feat. Wiz Khalifa),Ty Dolla $ign,131.588,0.691,-7.595,0.575,0.734,0.0377,10,31.66666667,22.5,35.83333333,3
WTF (Where They From) feat. Pharrell Williams,Missy Elliott,161.051,0.571,-10.326,0.52,0.701,0.168,18.33333333,20,28.66666667,33,3
Symphony of the Nymph,"""Ariel Pinks Haunted Graffiti""",99.999,0.519,-7.207,0.632,0.632,0.109,0,15,65,20,2
Bitch,Allie X,119.969,0.378,-7.324,0.893,0.647,0.273,23,36.66666667,33.33333333,7,1
Archangel,Burial,122.658,0.406,-12.626,0.813,0.755,0.0203,28,25.33333333,21.66666667,25,0
The New International Sound   Pt. 2 (feat. M.I.A.),GENER8ION,122.199,0.549,-10.41,0.595,0.134,2.24E-05,10,30,18.33333333,41.66666667,3
Hazelton Trump,OB OBrien,120.004,0.717,-8.734,0.858,0.582,0.0626,22.5,30,31.66666667,15.83333333,2
Ambling Alp,Yeasayer,174.212,0.975,-4.214,0.314,0.668,0.00562,30,36.66666667,13.33333333,20,1
Hands On The Wheel,ScHoolboy Q,85.323,0.798,-9.716,0.583,0.96,0.113,25,30,6.666666667,38.33333333,3
Atomic Bomb,William Onyeabor,126.465,0.573,-9.082,0.785,0.595,0.304,40,10,37.5,12.5,0
Antidote,Travis Scott,137.605,0.64,-8.348,0.801,0.771,0.0449,30,6.666666667,30.83333333,32.5,3
Pieces,Tanlines,110.761,0.721,-9.433,0.597,0.849,0.704,0,11.14285714,6.666666667,82.19047619,3
Time-Out,Terror Train,75.286,0.461,-10.829,0.811,0.735,0.629,33.33333333,26.38095238,10,30.28571429,0
Today,Tom Scott,141.655,0.657,-5.293,0.799,0.96,0.391,6.666666667,26.66666667,43.33333333,23.33333333,2
Powerful,Major Lazer,119.67,0.464,-16.262,0.75,0.754,0.0239,10,40,10,40,1
Ferus Gallery,Allah-Las,100.036,0.612,-7.841,0.555,0.316,0.00525,13.33333333,21.66666667,22.5,42.5,3
Everybody Loves The Sunshine,Roy Ayers Ubiquity,124.654,0.835,-7.165,0.658,0.532,0.0602,10,21.66666667,32.5,35.83333333,3
Buffalo,Toro y Moi,130.035,0.944,-3.626,0.603,0.418,0.0481,30,56.66666667,3.333333333,10,1
Probably Nu It,Tree,123.922,0.955,-4.111,0.603,0.787,0.0239,30,56.66666667,3.333333333,10,1
Walk On By - Single Version,Isaac Hayes,130.014,0.747,-4.249,0.733,0.764,0.000502,10,66.66666667,13.33333333,10,1
Champagne Coast,Blood Orange,139.922,0.401,-8.553,0.854,0.42,0.118,33,28.66666667,20,18.33333333,0
BKNY,Fat Tony,120.011,0.855,-4.795,0.701,0.751,0.0786,10,66.66666667,13.33333333,10,1
Night Drive,Part Time,146.923,0.559,-5.876,0.742,0.431,0.0324,0,56.66666667,33.33333333,10,1
Slyd,!!!,110.953,0.581,-5.164,0.667,0.368,0.0428,20,56.66666667,13.33333333,10,1
Black And White,Parquet Courts,146.747,0.795,-4.579,0.729,0.856,0.354,27.5,26.66666667,38.33333333,7.5,2
Never Never Gonna Give Ya Up,Barry White,142.072,0.553,-7.286,0.852,0.656,0.0563,27.5,40,22.5,10,1
200 Press,James Blake,124.091,0.712,-4.128,0.767,0.804,0.0409,16.66666667,46.66666667,13.33333333,23.33333333,1
Leave House,Caribou,147.026,0.497,-5.309,0.74,0.067,0.00555,0,50,25,25,1
Sweet Power   Your Embrace,James Mason,166.072,0.847,-3.152,0.635,0.568,0.533,25.83333333,43.33333333,28.33333333,2.5,1
Money Money,Horace Andy,95.487,0.833,-5.379,0.715,0.612,0.00631,20,56.66666667,13.33333333,10,1
"""Ill Do a Little Bit More""",The Olympics,104.595,0.573,-11.876,0.794,0.881,0.326,60,10,20,10,0
Who Is He And What Is He To You,Creative Source,106.714,0.957,-4.814,0.716,0.93,0.183,35,46.66666667,13.33333333,5,1
Cry Like A Ghost,Passion Pit,109.02,0.631,-10.748,0.646,0.167,0.00462,20,10,27.5,42.5,3
Affection,Crystal Castles,120.03,0.57,-6.645,0.62,0.429,0.00525,7.5,25,35,32.5,2
"""Ive Seen Footage""",Death Grips,125.002,0.495,-10.747,0.729,0.483,0.131,13.33333333,26.66666667,25,35,3
World In Motion,New Order,99.407,0.745,-8.109,0.589,0.765,0.17,15,21.66666667,42.5,20.83333333,2
House of Jealous Lovers,The Rapture,128.289,0.548,-9.682,0.734,0.724,0.0213,10,50,20,20,1
Imma Ride,Young Thug,114.047,0.676,-4.502,0.812,0.38,0.0454,16.66666667,46.66666667,13.33333333,23.33333333,1
Lose My Mind,A-Trak,144.005,0.814,-3.903,0.615,0.577,0.17,25,56.66666667,13.33333333,5,1
Hercules,Young Thug,116.081,0.789,-8.208,0.799,0.832,0.0604,20,11.66666667,32.5,35.83333333,3
Check,Young Thug,134.009,0.581,-6.492,0.706,0.435,0.0151,10,41.66666667,25.83333333,22.5,1
"""Poppin My Collar""",Three 6 Mafia,108.003,0.98,-4.914,0.629,0.808,0.228,35,36.66666667,23.33333333,5,1
Jumpman,Drake,130.025,0.773,-4.722,0.763,0.343,0.00705,30,46.66666667,13.33333333,10,1
"""Somebodys Watching Me""",Rockwell,137.047,0.384,-11.315,0.49,0.47,0.438,12.5,20.71428571,33,33.78571429,3
"""I Dont Sell Molly No More""",ILoveMakonnen,128.487,0.494,-11.662,0.692,0.961,0.346,43.33333333,20,20,16.66666667,0
OOOUUU,Young M.A.,93.287,0.531,-10.113,0.661,0.672,0.141,3.333333333,16.66666667,62.5,17.5,2
Return Of The Mack - C & J Street Mix,Mark Morrison,123.997,0.597,-6.59,0.751,0.159,0.0659,10,31.66666667,35.83333333,22.5,2
Right Place Wrong Time,Dr. John,134.969,0.621,-8.132,0.903,0.553,0.00302,12.5,36.66666667,38.33333333,12.5,2
Odofo Nyi Akyiri Biara,Ebo Taylor,105.988,0.644,-6.182,0.735,0.862,0.0215,20,36.66666667,33.33333333,10,1
Loud Places,Jamie xx,143.064,0.643,-8.904,0.547,0.194,0.0551,23.33333333,20,24.16666667,32.5,3
Get Away,CHVRCHES,130.11,0.509,-6.602,0.777,0.345,0.0414,30,5,40,25,2
Our Love,Caribou,99.977,0.642,-5.206,0.558,0.482,7.19E-05,20,46.66666667,13.33333333,20,1
Aquafina (feat. GoldLink & Chaz French),Falcons,112.137,0.465,-6.595,0.427,0.458,0.461,20,10,68,2,2
I Need You Tonight,Punkin Machine,100.025,0.808,-9.159,0.566,0.744,0.0107,13.33333333,20,30.83333333,35.83333333,3
Everybody Likes Something Good,Ify Jerry Crusade,115.004,0.708,-7.217,0.753,0.434,0.0496,16.66666667,21.66666667,42.5,19.16666667,2
International Players Anthem,Swishahouse,108.99,0.758,-7.859,0.644,0.758,0.000259,10,21.66666667,32.5,35.83333333,3
Swerve,ILoveMakonnen,150.058,0.657,-7.172,0.704,0.813,0.217,25,21.66666667,35.83333333,17.5,2
Walk,Kwabs,110.997,0.637,-5.364,0.8,0.877,0.0131,20,36.66666667,23.33333333,20,1
The Magnificent Seven - Remastered,The Clash,113.682,0.632,-5.569,0.548,0.535,0.0126,10,36.66666667,13.33333333,40,3
U Mad,Vic Mensa,95.07,0.582,-7.414,0.539,0.245,0.00818,13.33333333,25,29.16666667,32.5,3
Slumlord,Neon Indian,118.276,0.71,-6.925,0.552,0.206,0.00164,20,21.66666667,22.5,35.83333333,3
Maneuvering,ILoveMakonnen,116.392,0.506,-8.742,0.567,0.358,0.00731,3.333333333,10,46.66666667,40,2
Will You Love Me Tomorrow,The Shirelles,144.084,0.912,-1.157,0.767,0.498,0.0411,30,36.66666667,13.33333333,20,1
"""Its My Party""",Lesley Gore,120.986,0.895,-8.102,0.77,0.68,0.000195,20,11.66666667,32.5,35.83333333,3
"""Queens Speech 4""",Lady Leshurr,96.064,0.578,-6.205,0.71,0.348,0.371,25,26.66666667,43.33333333,5,2
With That (feat. Duke),Young Thug,135.95,0.744,-3.484,0.901,0.593,0.105,5,61.66666667,33.33333333,0,1
Hotline Bling,Drake,108.066,0.843,-7.416,0.583,0.411,0.119,15,21.66666667,22.5,40.83333333,3
Hercules Theme,Hercules & Love Affair,149.724,0.418,-14.374,0.805,0.966,0.459,22.5,50,15,12.5,1
"""My Sub (Pt. 2: The Jackin) - Album Version (Edited)""",Big K.R.I.T.,99.991,0.724,-7.53,0.85,0.552,0.000226,20,26.66666667,27.5,25.83333333,2
Kush,Lil Wayne,79.925,0.538,-5.828,0.618,0.308,0.0249,0,40,31.66666667,28.33333333,1
"""Dont Move""",Phantogram,100.114,0.331,-11.184,0.435,0.19,0.138,10,20,30,40,3
Coming Home,Leon Bridges,100.215,0.722,-7.33,0.747,0.545,0.0957,15,21.66666667,42.5,20.83333333,2
Hercules Theme 2014,Hercules & Love Affair,160.14,0.433,-10.598,0.53,0.274,0.108,13.33333333,10,44.66666667,32,2
Forever,Majid Jordan,160.026,0.643,-9.357,0.706,0.778,0.00978,20,40,7.5,32.5,1
Dark Matter,Feathers,81.805,0.747,-3.332,0.234,0.36,0.22,30,46.66666667,13.33333333,10,1
Callie (feat. Vic Mensa),Donnie Trumpet,165.998,0.605,-6.07,0.722,0.709,0.825,45,26.66666667,15,13.33333333,0
Okay,Holy Ghost!,127.035,0.693,-5.056,0.807,0.142,0.0504,16.66666667,36.66666667,23.33333333,23.33333333,1
The Wire,HAIM,119.756,0.898,-2.051,0.755,0.966,0.242,30,36.66666667,33.33333333,0,1
Ride On / Right On,Phosphorescent,109.029,0.753,-6.039,0.694,0.532,0.0441,10,36.66666667,30,23.33333333,1
"""All These Things That Ive Done""",The Killers,73.048,0.804,-3.452,0.483,0.811,0.0356,20,56.66666667,3.333333333,20,1
We Exist,Arcade Fire,125.009,0.918,-4.912,0.725,0.201,0.153,35,46.66666667,13.33333333,5,1
Double Bubble Trouble,M.I.A.,168.045,0.749,-7.365,0.554,0.823,0.00189,20,21.66666667,22.5,35.83333333,3
Careless,Dusky,143.299,0.957,-6.101,0.331,0.548,0.419,35,6.666666667,33.33333333,25,0
How Did I Get Here,ODESZA,119.992,0.739,-9.089,0.777,0.202,0.00212,16.66666667,10,34.16666667,39.16666667,3
Hannah Montana,Migos,122.047,0.641,-8.506,0.834,0.374,0.0572,20,6.666666667,20.83333333,52.5,3
They Come in Gold,Shabazz Palaces,90.986,0.621,-11.358,0.646,0.428,0.00909,20,10,27.5,42.5,3
Pass The Dutchie,Musical Youth,131.393,0.942,-5.142,0.694,0.58,0.388,25,16.66666667,53.33333333,5,2
Bless My Soul,Nightmares On Wax,163.315,0.89,-4.182,0.185,0.3,0.136,30,46.66666667,3.333333333,20,1
Counting,Autre Ne Veut,94.995,0.86,-5.463,0.569,0.743,0.361,35,36.66666667,23.33333333,5,1
"""Youre the Best""",Wet,124.962,0.711,-6.187,0.634,0.451,0.0933,10,16.66666667,40,33.33333333,2
Crown Violet - Bonus Track,Azizi Gibson,117.012,0.82,-5.851,0.766,0.376,0.0469,20,36.66666667,23.33333333,20,1
Glad I Met You,D. Gookin,145.304,0.844,-5.419,0.61,0.437,0.0123,20,46.66666667,13.33333333,20,1
Exchange,Bryson Tiller,96.478,0.671,-7.727,0.63,0.147,0.19,15,21.66666667,42.5,20.83333333,2
Rhythm of Devotion,Sisyphus,174.144,0.851,-4.528,0.481,0.848,0.0846,20,56.66666667,3.333333333,20,1
Enjoy The Silence - Remastered Version Original,Depeche Mode,109.99,0.857,-7.493,0.673,0.47,0.088,10,31.66666667,22.5,35.83333333,3
Skyscraper,Elephant,125.995,0.885,-6.706,0.761,0.756,0.0151,30,11.66666667,42.5,15.83333333,2
Bam Bam,Sister Nancy,100.039,0.54,-6.578,0.915,0.111,0.445,12.5,50,27.5,10,1
Alright,Logic,124.998,0.83,-5.766,0.814,0.285,0.0152,20,36.66666667,23.33333333,20,1
When They Fight   They Fight,Generationals,81.997,0.607,-7.68,0.726,0.891,0.0389,30,31.66666667,15.83333333,22.5,1
The River,Son Little,118.086,0.938,-8.692,0.782,0.871,0.000429,20,10,34.16666667,35.83333333,3
Rill Rill,Sleigh Bells,102.683,0.256,-11.317,0.144,0.0862,0.0277,0,0,25,75,3
Feel The Volume,Jauz,167.909,0.599,-6.941,0.727,0.386,0.317,45,11.66666667,35.83333333,7.5,0
Had Ten Dollaz,Cherry Glazerr,105.857,0.718,-10.388,0.826,0.884,0.0845,26.66666667,20,16.66666667,36.66666667,3
Strychnine,The Sonics,105.258,0.762,-10.445,0.856,0.839,0.112,32.5,30,24.16666667,13.33333333,0
Acamar,Frankey,107.998,0.661,-6.111,0.401,0.166,0.0129,10,16.66666667,33.33333333,40,3
What I Might Do,Ben Pearce,155.974,0.529,-8.838,0.697,0.486,0.115,10,20,40,30,2
World Restart,Kindness,195.978,0.732,-5.643,0.605,0.134,0.195,15,36.66666667,33.33333333,15,1
Zombie,Fela Kuti,118.005,0.716,-6.375,0.69,0.335,0.0374,10,31.66666667,32.5,25.83333333,2
"""Im a Dildo""",No Parents,118.994,0.468,-13.662,0.732,0.187,0.482,35.83333333,13.80952381,15,35.35714286,0
Cadillac Girl,Only Real,93.053,0.943,-4.146,0.403,0.23,0.000141,30,36.66666667,13.33333333,20,1
I Choose You,Willie Hutch,113.864,0.825,-4.661,0.579,0.953,0.0456,20,66.66666667,3.333333333,10,1
Shooting Stars,Bag Raiders,113.997,0.798,-6.175,0.735,0.464,0.0579,10,36.66666667,40,13.33333333,2
Pacifier,Young Thug,75.044,0.412,-7.148,0.838,0.166,0.0344,38,22,21.66666667,18.33333333,0
Make Them Gold,CHVRCHES,80.03,0.472,-11.204,0.739,0.289,0.0145,13.33333333,26.66666667,20,40,3
"""Dont Mean A Thing""",Lapalux,99.994,0.603,-7.792,0.836,0.388,0.00208,10,16.66666667,20.83333333,52.5,3
Nimble Girl,Hotel Eden,111.951,0.855,-7.372,0.525,0.517,0.0572,20,21.66666667,15.83333333,42.5,3
Two Brothers,Hanni El Khatib,128.042,0.434,-13.479,0.615,0.618,0.445,22.5,35,35,7.5,1
Lost You,Zeds Dead,109.982,0.759,-6.914,0.735,0.77,0.0242,10,31.66666667,42.5,15.83333333,2
Norf Norf,Vince Staples,128.049,0.719,-9.335,0.854,0.469,0.000702,22.5,30,31.66666667,15.83333333,2
Talk About,Les Sins,109.977,0.795,-6.758,0.781,0.8,0.00219,20,11.66666667,42.5,25.83333333,2
Flex (Ooh   Ooh   Ooh),Rich Homie Quan,128.983,0.397,-12.776,0.736,0.297,0.272,35,20,30,15,0
Lets Start the Dance,Bohannon,127.029,0.598,-5.534,0.959,0.408,0.0358,15.83333333,70.83333333,3.333333333,10,1
Outro,M83,119.999,0.687,-7.771,0.805,0.679,0.118,16.66666667,11.66666667,32.5,39.16666667,3
R.I.C.O. (feat. Drake),Meek Mill,125.008,0.852,-6.08,0.731,0.611,0.00041,10,36.66666667,40,13.33333333,2
I Wish,Stevie Wonder,114.28,0.756,-10.714,0.7,0.944,0.00182,20,20,21.66666667,38.33333333,3
More Bounce To The Ounce,Zapp,95.98,0.848,-6.246,0.739,0.875,0.0227,10,41.66666667,35,13.33333333,1
Pyramids,Frank Ocean,132.475,0.84,-6.227,0.7,0.758,0.0638,10,41.66666667,25,23.33333333,1
Oblivion,Grimes,74.822,0.772,-7.31,0.368,0.213,0.163,25,6.666666667,40.83333333,27.5,2
Obedear,Purity Ring,89.455,0.597,-9.919,0.458,0.484,0.12,25,10,12,53,3
Flutes,Hot Chip,92.995,0.945,-6.64,0.54,0.878,0.000145,20,21.66666667,15.83333333,42.5,3
Chained,The xx,82.118,0.715,-11.164,0.549,0.777,0.374,28.33333333,15.71428571,16.66666667,39.28571429,3
Cheap Beer,FIDLAR,106.059,0.831,-4.664,0.857,0.259,0.00158,25,39.16666667,35.83333333,0,1
Origins,Tennis,120.001,0.778,-5.485,0.807,0.788,0.0132,20,36.66666667,23.33333333,20,1
Losing You,Solange,124.012,0.639,-6.546,0.596,0.233,0.783,33.33333333,20.66666667,20,26,0
Xanny Family,Future,106.283,0.445,-12.725,0.752,0.964,0.5,17.5,35,5,42.5,3
Childs Play,Drake,105.018,0.918,-5.295,0.457,0.286,0.000313,30,26.66666667,13.33333333,30,0
Digital Animal,Honey Claws,169.867,0.345,-10.654,0.374,0.552,0.376,14,35,25,26,1
Subways - In Flagranti Extended Edit,The Avalanches,82.925,0.725,-6.156,0.429,0.159,0.00502,10,26.66666667,23.33333333,40,3
Cemalim,Erkin Koray,154.008,0.824,-8.569,0.683,0.918,0.0249,10,26.66666667,27.5,35.83333333,3
C O O L - Radio Edit,Le Youth,127.978,0.525,-7.685,0.882,0.267,0.00678,20.5,40,27.5,12,1
Percolator (Jamie Jones Vault Mix) - mixed,Cajmere,125.012,0.881,-5.875,0.602,0.577,0.00462,10,46.66666667,13.33333333,30,1
This Ready Flesh,TR/ST,138,0.421,-9.015,0.688,0.623,0.723,30,14.47619048,20,35.52380952,3
Please Stop Making Fake Versace,Father,99.738,0.728,-5.835,0.419,0.208,0.0142,10,36.66666667,13.33333333,40,3
Best Friend,Young Thug,135.917,0.682,-7.416,0.44,0.626,0.681,50,7.142857143,0,42.85714286,0
Who Be Lovin Me (feat. ILOVEMAKONNEN),Santigold,89.455,0.597,-9.919,0.458,0.484,0.12,25,10,12,53,3
Bang That,Disclosure,125.008,0.483,-7.797,0.888,0.226,0.013,20.5,30,32.5,17,2
Fantastic Man,William Onyeabor,128.044,0.645,-6.24,0.443,0.139,0.0127,20,26.66666667,13.33333333,40,3
Annie,Neon Indian,160.043,0.912,-3.331,0.695,0.59,0.000758,20,56.66666667,13.33333333,10,1
The Chase,Future Islands,105.004,0.741,-5.345,0.525,0.294,0.0153,20,36.66666667,13.33333333,30,1
Wishes,Beach House,107.998,0.661,-6.111,0.401,0.166,0.0129,10,16.66666667,33.33333333,40,3
"""I Know Theres Gonna Be (Good Times)""",Jamie xx,131.958,0.419,-6.602,0.746,0.225,0.0426,0,38.33333333,36.66666667,25,1
Fail to Cry,Yacht Club,92.005,0.628,-7.882,0.704,0.654,0.0626,20,31.66666667,15.83333333,32.5,3
Ikimiz Bir Fidaniz - Baris K Edit,Umit Aksu Orkestrasi,138.035,0.462,-7.776,0.928,0.886,0.0795,18,38.66666667,20,23.33333333,1
"""I Aint Trippin off Nothin""",Ezale,172.035,0.577,-6.446,0.749,0.459,0.0984,22.5,25,35,17.5,2
"""They Dont Know - Original Mix""",Disciples,136.019,0.839,-4.141,0.944,0.892,0.00919,2.5,86.66666667,10.83333333,0,1
Sabali,Amadou & Mariam,162.046,0.776,-6.299,0.769,0.464,0.00109,20,11.66666667,42.5,25.83333333,2
Spooky,Dusty Springfield,122.032,0.862,-7.016,0.763,0.875,0.232,20,21.66666667,42.5,15.83333333,2
Capitol,TR/ST,150.102,0.841,-6.31,0.264,0.716,1.94E-05,20,6.666666667,30.83333333,42.5,3
I Shall Be Released - Remastered,Nina Simone,149.97,0.77,-6.954,0.633,0.329,0.284,17,11.66666667,42.5,28.83333333,2
To The Top,Twin Shadow,153.547,0.292,-12.977,0.654,0.103,0.0962,26.66666667,20,25,28.33333333,3
Hot Blur,How Sad,140.943,0.583,-6.434,0.726,0.491,0.334,35,21.66666667,35.83333333,7.5,2
Look At Wrist,Father,142.053,0.833,-4.982,0.502,0.596,0.000472,20,36.66666667,13.33333333,30,1
Let It Happen,Tame Impala,131.984,0.675,-6.224,0.776,0.271,0.00196,16.66666667,16.66666667,40,26.66666667,2
The Gaudy Side of Town,Gayngs,95.98,0.848,-6.246,0.739,0.875,0.0227,10,41.66666667,35,13.33333333,1
Leave A Trace,CHVRCHES,119.992,0.739,-9.089,0.777,0.202,0.00212,16.66666667,10,34.16666667,39.16666667,3
"""Hes So Fine - 2000 Digital Remaster""",The Chiffons,114.812,0.41,-8.735,0.735,0.164,0.19,5,20,50,25,2
Then He Kissed Me,The Crystals,131.023,0.582,-10.65,0.556,0.508,0.188,35,10,30,25,0
"""I Know Theres Gonna Be (Good Times)""",Jamie xx,93.987,0.764,-5.279,0.785,0.96,0.149,16.66666667,36.66666667,33.33333333,13.33333333,1
No Type,Rae Sremmurd,139.96,0.446,-8.49,0.59,0.323,0.489,27.5,37.14285714,25,10.35714286,1
Chasing Heaven,Bassnectar,99.915,0.43,-8.44,0.844,0.37,0.0503,28,18.66666667,35,18.33333333,2
"""Movin Bass - GTA Remix""",Rick Ross,104.89,0.68,-4.685,0.584,0.322,0.0109,20,66.66666667,3.333333333,10,1
Midnight City,M83,100.005,0.942,-4.336,0.574,0.395,0.0815,30,56.66666667,3.333333333,10,1
Pyramids,Frank Ocean,127.158,0.778,-4.225,0.454,0.704,0.00998,20,56.66666667,3.333333333,20,1
Rewind,Kelela,100.878,0.385,-11.125,0.518,0.262,0.64,23.33333333,31.85714286,18.33333333,26.47619048,1
Magnets,Disclosure,176.057,0.878,-5.767,0.552,0.598,0.0585,10,46.66666667,13.33333333,30,1
Pussy,Brazilian Girls,100.262,0.94,-2.935,0.695,0.345,0.019,20,56.66666667,13.33333333,10,1
Black Mags,The Cool Kids,90.053,0.436,-4.816,0.43,0.217,0.17,0,60,28,12,1
Sippin On Some Syrup,Three 6 Mafia,120.286,0.907,-6.571,0.312,0.114,0.0361,20,6.666666667,30.83333333,42.5,3
"""Sittin Sidewayz - feat. Big Pokey Explicit""",Paul Wall,182.126,0.878,-0.307,0.698,0.821,0.613,25.83333333,46.66666667,25,2.5,1
Gold and a Pager,The Cool Kids,79.576,0.202,-17.179,0.763,0.738,0.75,26.66666667,21.33333333,10,42,3
Endless Rhythm,Baio,150.067,0.936,-6.365,0.568,0.791,0.064,20,21.66666667,22.5,35.83333333,3
Nothing Ever Happened,Deerhunter,140.086,0.545,-8.536,0.737,0.443,0.0855,17.5,30,32.5,20,2
"""Oh My Darling Dont Meow (Just Blaze Remix)""",Run The Jewels,120.894,0.614,-7.176,0.772,0.96,0.0429,30,11.66666667,35.83333333,22.5,2
River,Ibeyi,119.934,0.588,-6.603,0.817,0.468,0.000467,10,31.66666667,35.83333333,22.5,2
The Buzz (feat. Mataya & Young Tapz),Hermitude,106.739,0.913,-9.091,0.717,0.962,0.32,45,10,24.16666667,20.83333333,0
Trust Me Danny,ILoveMakonnen,92.215,0.799,-3.641,0.542,0.421,0.00471,20,66.66666667,3.333333333,10,1
Big Rings,Drake,126.536,0.776,-5.293,0.583,0.782,0.827,33.33333333,56.66666667,0,10,1
Annie,Neon Indian,173.954,0.782,-6.769,0.45,0.222,0.00919,20,16.66666667,20.83333333,42.5,3
Acamar,Frankey,126.005,0.927,-7.446,0.592,0.326,1.42E-05,10,31.66666667,22.5,35.83333333,3
Know Yourself,Drake,171.893,0.681,-4.104,0.415,0.364,0.385,35,56.66666667,3.333333333,5,1
Deicide,Crystal Castles,123.973,0.836,-7.682,0.466,0.0517,7.70E-05,20,16.66666667,10.83333333,52.5,3
Next to You,Poolside,129.952,0.586,-9.414,0.6,0.205,0.0112,10,40,10.83333333,39.16666667,1
Magnolia,Young & Sick,149.988,0.821,-7.442,0.512,0.402,0.0696,13.33333333,21.66666667,22.5,42.5,3
Wu-Tang Forever,Drake,122.065,0.617,-4.516,0.788,0.128,0.0448,20,46.66666667,13.33333333,20,1
Fame (2007 Remastered),David Bowie,120.368,0.528,-10.666,0.818,0.896,0.377,13.33333333,56.66666667,10,20,1
Ego Free Sex Free,Autre Ne Veut,126.041,0.52,-6.301,0.739,0.247,0.0754,0,45,40,15,1
Let Me Show You Love,Cut Copy,114.217,0.776,-8.827,0.42,0.412,0.0608,20,20,7.5,52.5,3
Fake Tales Of San Francisco,Arctic Monkeys,102.652,0.495,-10.584,0.879,0.802,0.538,25.83333333,36.66666667,22.5,15,1
Billie Holiday,Warpaint,116.74,0.65,-7.953,0.623,0.879,0.245,25,21.66666667,35.83333333,17.5,2
Awake,Tycho,121.01,0.677,-7.036,0.736,0.0747,0.00114,10,31.66666667,42.5,15.83333333,2
N.O. Bounce,Big Freedia,86.969,0.655,-9.781,0.697,0.415,0.0626,30,40,0,30,1
Holdin On,Flume,103.044,0.827,-3.651,0.646,0.814,0.0197,20,66.66666667,3.333333333,10,1
Marriage,Gold Panda,134.034,0.947,-2.431,0.578,0.456,0.00744,30,56.66666667,3.333333333,10,1
GodLovesUgly,Atmosphere,141.201,0.466,-12.883,0.598,0.372,0.0355,3.333333333,26.66666667,23.33333333,46.66666667,3
New York City,Christopher Owens,91.412,0.671,-9.787,0.586,0.774,0.00333,20,40,6.666666667,33.33333333,1
Moving to the Left,Woods,106.077,0.802,-6.159,0.749,0.826,0.0332,10,36.66666667,40,13.33333333,2
Mercy,Kanye West,116.537,0.617,-9.161,0.865,0.669,0.0487,20.5,40,25,14.5,1
"""Dont You Evah""",Spoon,129.424,0.722,-6.533,0.523,0.506,0.074,20,21.66666667,15.83333333,42.5,3
Le Goudron (Edit),YACHT,153.547,0.292,-12.977,0.654,0.103,0.0962,26.66666667,20,25,28.33333333,3
Look at You,George McCrae,139.939,0.427,-8.33,0.544,0.186,0.174,23.33333333,10,56.66666667,10,2
Black Out Days,Phantogram,78.127,0.752,-8.18,0.268,0.282,0.000318,30,6.666666667,20.83333333,42.5,3
Bang! Bang!,Joe Cuba,107.434,0.484,-6.232,0.857,0.748,0.29,25,47.5,22.5,5,1
Unbound,Cathedrals,128.604,0.884,-4.602,0.389,0.422,0.00412,20,46.66666667,13.33333333,20,1
Operate,ASTR,143.98,0.6,-11.025,0.478,0.0626,0.384,48.33333333,20.71428571,21.66666667,9.285714286,0
Blood On The Leaves,Kanye West,147.629,0.45,-11.793,0.712,0.74,0.121,0,30,30,40,3
Come Save Me,Jagwar Ma,141.262,0.825,-9.343,0.652,0.695,0.0164,10,30,24.16666667,35.83333333,3
Tides of Neptune,Virgo,107.699,0.609,-8.678,0.479,0.513,0.127,38.33333333,10,14.16666667,37.5,0
Light House,Future Islands,69.796,0.608,-10.505,0.68,0.696,0.383,55,35.71428571,0,9.285714286,0
Upper Echelon,Travis Scott,113.12,0.265,-17.219,0.334,0.0528,0.916,0,32.14285714,38.33333333,29.52380952,2
Spill The Wine,Eric Burdon,139.899,0.261,-20.79,0.76,0.298,0.000606,42.66666667,17.33333333,5,35,0
Never Gonna Give You Up,Barry White,121.509,0.548,-9.587,0.69,0.717,0.0259,10,50,10,30,1
Sanctified,Rick Ross,77.865,0.726,-8.754,0.682,0.515,0.0785,10,30,24.16666667,35.83333333,3
It #1,Ty Segall,96.318,0.752,-6.088,0.446,0.596,0.0174,10,26.66666667,23.33333333,40,3
Estrelar,Marcos Valle,172.176,0.628,-7.82,0.612,0.366,0.124,15,21.66666667,19.16666667,44.16666667,3
San Francisco,Foxygen,136.921,0.86,-7.839,0.551,0.723,0.262,20.33333333,11.66666667,39.16666667,28.83333333,2
Stay High - Habits Remix,Tove Lo,121.099,0.333,-17.848,0.883,0.964,0.00799,38.66666667,19.33333333,30,12,0
Marijuana,Chrome Sparks,85.045,0.448,-9.979,0.65,0.219,0.315,10,25.71428571,50,14.28571429,2
"""You Know Im No Good - Ghostface UK Version""",Amy Winehouse,109.953,0.687,-8.668,0.808,0.467,0.0445,16.66666667,6.666666667,37.5,39.16666667,3
Kill V. Maim,Grimes,83.013,0.524,-8.036,0.599,0.43,0.157,0,15,68.33333333,16.66666667,2
Clouds Over the Pacific,James Pants,170.002,0.89,-7.974,0.446,0.484,0.27,27,6.666666667,20.83333333,45.5,3
Distant Land,Madlib,161.933,0.792,-3.747,0.293,0.697,0.00855,20,46.66666667,13.33333333,20,1
Flashlight,Parliament,111.044,0.803,-3.458,0.784,0.785,0.0466,20,46.66666667,13.33333333,20,1
Cool It Now,New Edition,115.021,0.768,-6.21,0.823,0.216,0.0146,22.5,24.16666667,30,23.33333333,2
"""Jumpin Jack Flash""",Ananda Shankar,140.804,0.416,-5.571,0.449,0.103,0.01,10,40,20,30,1
River,Ibeyi,120.973,0.48,-12.223,0.839,0.437,0.323,23.33333333,53.33333333,18.33333333,5,1
Locket,Kilo Kish,119.089,0.827,-6.036,0.547,0.451,0.000296,20,26.66666667,20,33.33333333,3
It All Feels Right,Washed Out,119.996,0.884,-5.035,0.648,0.937,0.00239,20,46.66666667,13.33333333,20,1
Last Chance to Dance,Ekkah,111.038,0.616,-7.081,0.79,0.375,0.016,30,11.66666667,35.83333333,22.5,2
The Righteous One,The Orwells,76.467,0.492,-9.297,0.484,0.184,0.0385,13.33333333,20,36.66666667,30,2
Like Lust,MOVEMENT,113.507,0.64,-7.168,0.715,0.4,0.113,35,21.66666667,25.83333333,17.5,0
Zion Gate Dub,King Tubby,93.625,0.416,-9.553,0.6,0.0786,0.776,41.33333333,26.14285714,10.33333333,22.19047619,0
Lone Wolf and Cub (feat. Herbie Hancock   Flying Lotus   Miguel Atwood-Ferguson & Mono/poly),Thundercat,130.266,0.618,-9.485,0.819,0.872,0.0205,10,30,27.5,32.5,3
Free Stress Test,Professor Murder,112.235,0.56,-7.614,0.888,0.817,0.0165,28,30,30,12,1
"""Im Ya Dogg""",Snoop Dogg,219.134,0.81,-5.79,0.341,0.722,0.0105,10,26.66666667,23.33333333,40,3
Monster Mash,"Bobby ""Boris"" Pickett",134.981,0.74,-10.026,0.428,0.0552,0.0079,30,20,0,50,3
Night on Bald Mountain,Modest Mussorgsky,152.005,0.931,-4.142,0.642,0.548,0.0131,30,56.66666667,3.333333333,10,1
Kathy Lee,Jessy Lanza,159.939,0.902,-5.464,0.385,0.5,0.00914,30,16.66666667,23.33333333,30,0
